Multiple size <= 100
TEST 1 ARG:99 67 6 91 22 81 53 57 72 31 10 73 30 50 96 94 52 42 11 82 71 90 29 4 16 24 25 51 27 13 46 80 34 3 54 69 92 61 66 36 0 43 55 20 75 23 68 74 17 19 2 49 5 70 88 15 60 47 62 59 63 86 40 39 98 32 9 95 45 85 64 77 41 14 58 37 65 12 35 79 48 7 87 18 44 56 97 78 8 1 21 76 28 26 83 33 89 84 93 38 
TEST 2 ARG:26 63 82 38 28 61 8 21 32 85 24 64 67 55 6 88 45 44 80 81 58 90 75 72 97 76 35 22 51 53 83 96 43 3 77 10 57 31 5 1 47 52 71 48 59 15 78 98 46 20 2 27 17 62 50 56 25 89 23 66 14 73 91 18 33 86 74 99 69 12 93 37 19 60 7 9 36 49 84 11 54 13 92 30 87 16 70 68 95 4 42 29 65 0 79 40 34 41 39 94 
TEST 3 ARG:3 27 92 17 43 91 48 75 94 73 57 59 36 2 41 99 28 4 96 83 62 89 54 11 86 80 1 82 58 18 47 46 44 34 21 56 93 12 84 37 69 13 7 8 51 53 35 55 81 20 67 6 32 5 26 70 87 64 60 30 33 88 76 39 71 25 38 15 23 77 14 85 79 10 42 31 66 90 49 61 78 74 45 50 65 40 19 97 9 72 98 52 0 24 29 22 95 16 63 68 
TEST 5 ARG:10 89 7 35 85 95 69 39 51 45 28 97 83 8 46 34 43 49 36 80 21 32 22 70 82 38 72 59 60 9 81 24 42 50 58 4 90 79 30 84 11 96 25 31 88 33 52 93 2 62 27 18 12 0 23 68 64 76 73 19 47 41 6 78 99 86 13 20 16 54 65 61 66 5 29 67 53 14 17 3 71 56 91 48 40 44 94 75 77 26 57 98 37 92 74 63 1 55 15 87 
TEST 6 ARG:36 55 32 70 76 5 61 60 35 39 90 67 38 1 6 45 27 78 89 65 29 99 2 28 33 94 75 23 42 77 58 50 57 98 8 97 74 11 52 81 79 73 72 87 82 59 30 68 80 62 71 54 21 0 17 88 34 13 16 92 69 51 25 49 56 43 47 95 86 20 37 84 22 64 83 31 4 96 41 24 63 53 46 66 12 18 26 93 48 9 85 14 19 10 91 7 44 15 3 40 
TEST 7 ARG:62 46 19 53 32 85 93 95 94 28 86 74 79 4 98 17 84 88 51 16 30 43 78 34 31 25 67 27 39 61 52 1 72 97 40 42 26 65 70 83 38 12 92 23 9 60 56 37 71 14 57 68 35 11 0 58 76 48 80 89 18 55 54 47 49 29 75 45 81 10 33 77 82 36 73 91 64 13 8 2 21 87 63 7 3 24 90 15 22 59 5 6 66 69 20 99 44 50 96 41 
TEST 8 ARG:51 2 93 45 1 3 94 42 6 47 75 23 9 76 59 67 32 19 14 97 71 22 40 92 13 7 54 43 38 55 48 66 36 62 53 89 33 50 30 0 60 85 68 88 84 79 80 64 56 95 96 72 20 25 70 99 74 4 26 16 29 77 41 81 5 34 31 61 65 35 27 8 28 44 82 58 63 12 24 87 17 73 98 21 83 46 57 15 10 90 37 69 49 18 39 52 78 11 91 86 
TEST 9 ARG:54 39 38 20 14 51 42 88 53 99 95 64 56 83 97 36 43 63 4 31 37 10 73 57 93 67 46 52 30 71 9 50 15 3 79 77 0 92 28 5 45 90 19 40 23 41 33 94 86 17 61 82 21 18 35 58 68 65 44 55 76 13 84 47 87 22 80 16 26 24 78 89 59 96 72 32 25 27 81 11 70 12 49 29 91 75 74 48 62 85 8 7 2 60 6 69 1 98 66 34 
TEST 10 ARG:48 67 93 17 81 6 73 54 61 23 0 1 45 94 30 84 14 77 12 31 33 53 88 21 52 27 74 37 51 80 18 16 95 46 20 96 5 47 28 97 44 66 11 91 9 49 55 58 63 69 70 29 22 19 8 15 85 10 72 59 39 3 4 34 83 13 24 35 2 25 42 41 65 92 76 71 99 78 90 87 38 68 86 32 56 79 40 75 26 82 43 62 57 7 36 64 89 98 60 50 
TEST 11 ARG:56 16 74 29 28 72 32 51 82 46 15 13 24 5 80 43 86 22 1 67 66 8 20 38 19 49 87 96 78 41 95 83 81 79 84 76 34 59 68 97 58 48 23 11 42 69 26 57 47 91 88 35 93 73 50 75 25 4 62 18 90 17 12 37 6 45 70 53 0 44 9 63 54 60 64 92 40 94 77 27 98 52 36 71 33 65 3 2 55 99 21 10 31 85 7 61 30 39 89 14 
TEST 12 ARG:85 77 34 3 59 52 89 58 10 94 86 74 27 69 49 99 50 95 65 39 53 2 90 18 63 83 32 15 91 96 44 0 1 36 92 7 29 43 20 67 4 72 37 71 11 93 33 62 38 81 14 23 25 97 55 5 42 17 60 61 57 35 54 41 68 40 45 73 79 84 19 12 30 76 51 8 70 88 21 87 46 48 28 56 80 24 82 98 64 13 16 9 75 47 31 78 22 26 66 6 
TEST 13 ARG:80 14 95 99 94 34 58 97 33 75 4 98 53 64 92 82 22 77 42 13 31 20 83 32 17 88 85 73 15 52 36 21 35 87 67 11 26 30 0 12 7 56 25 66 46 86 16 68 29 8 1 84 28 9 49 96 78 18 10 55 71 93 39 5 54 61 60 47 50 65 24 59 41 89 72 37 69 76 74 63 45 2 3 19 27 70 51 57 90 43 79 91 62 6 44 40 38 48 81 23 
TEST 14 ARG:39 7 37 19 73 69 33 86 81 28 53 95 70 88 18 13 49 38 93 77 34 74 91 83 21 4 62 41 85 71 27 23 89 51 29 54 8 48 2 15 9 76 61 42 56 10 64 11 44 46 26 1 3 92 52 96 16 5 17 97 58 67 12 87 80 30 84 68 36 63 90 50 14 0 43 65 79 24 94 66 75 78 25 22 47 35 31 60 82 45 40 59 20 72 55 98 99 6 57 32 
TEST 15 ARG:15 77 4 14 17 45 43 53 11 70 32 61 35 3 54 13 95 57 58 65 29 82 74 47 60 69 21 81 37 25 98 27 7 30 73 75 86 87 68 16 22 49 20 26 93 94 34 96 90 1 64 51 36 8 41 63 84 33 46 28 24 78 23 71 50 42 48 91 80 89 62 88 55 92 52 31 67 85 12 0 39 19 44 10 99 76 72 5 97 59 9 83 6 79 56 2 40 66 18 38 
TEST 16 ARG:96 51 35 29 72 23 49 57 33 11 67 41 36 63 19 8 77 52 45 71 48 42 21 17 14 40 74 28 2 70 79 43 88 3 87 90 38 34 80 61 81 94 91 68 65 7 92 10 82 97 15 18 54 66 13 20 98 78 0 89 60 24 27 46 37 99 59 12 44 58 16 56 62 50 53 6 1 4 64 86 85 75 31 39 26 95 32 55 9 25 73 69 30 5 84 47 76 83 93 22 
TEST 17 ARG:87 85 97 76 78 23 99 51 36 95 69 79 44 93 20 4 92 49 75 89 9 16 8 83 5 6 21 98 55 50 42 39 86 56 25 19 40 72 48 60 73 46 0 32 41 3 58 88 53 28 66 14 96 35 37 2 43 30 7 18 91 81 47 10 94 33 29 64 26 17 82 15 71 59 54 62 38 12 13 84 45 68 11 63 67 34 65 80 70 24 22 74 77 90 61 1 31 52 57 27 
TEST 18 ARG:73 67 33 15 6 0 75 84 91 99 44 32 38 78 98 90 95 12 71 41 13 9 66 45 8 94 50 76 96 93 3 1 17 56 14 62 36 49 88 42 19 69 48 86 5 57 64 82 4 53 63 31 55 92 74 70 60 54 35 18 27 25 39 80 21 89 97 26 79 52 77 2 28 16 7 46 10 47 65 40 72 30 59 11 83 24 61 34 68 51 85 87 23 22 58 43 20 37 81 29 
TEST 19 ARG:92 90 16 48 35 15 64 43 10 86 13 72 80 46 3 93 26 91 21 12 0 67 27 77 84 20 32 95 17 59 61 88 42 22 85 69 53 99 44 14 62 76 18 56 6 87 41 60 83 33 47 94 78 34 5 11 81 55 57 40 65 25 7 98 37 82 4 54 51 97 58 2 79 75 38 68 50 89 1 66 49 9 30 63 19 31 36 52 96 24 29 73 28 70 74 39 45 71 23 8 
TEST 20 ARG:86 17 30 2 9 35 88 31 75 34 23 51 0 63 41 36 28 26 73 49 81 53 59 7 99 92 82 61 15 97 3 78 54 62 12 67 46 66 27 58 94 22 83 79 4 90 80 32 98 76 24 93 74 39 69 68 70 52 14 16 33 13 42 6 87 18 19 45 29 1 65 47 21 56 44 72 89 10 5 25 95 91 55 43 64 71 8 85 96 40 20 48 77 84 60 57 11 38 50 37 
TEST 21 ARG:92 55 56 45 9 48 89 69 3 23 32 43 90 36 15 1 83 47 34 88 22 21 57 44 82 91 64 25 98 35 51 26 19 50 41 72 63 79 85 33 46 84 29 2 80 0 68 20 7 60 93 31 37 67 6 70 49 24 87 27 76 17 65 58 52 13 11 39 81 95 62 75 66 4 16 74 77 42 94 54 8 71 59 28 10 53 40 97 5 73 78 86 12 99 96 38 18 14 61 30 
TEST 22 ARG:99 9 52 72 16 69 43 33 49 67 61 23 65 50 26 59 97 45 37 94 85 35 78 90 42 55 44 18 92 63 81 53 71 98 83 38 30 12 66 28 91 48 1 21 60 47 25 73 10 32 79 84 31 41 89 13 88 68 34 39 95 64 57 62 19 58 17 11 93 29 51 96 86 36 74 70 14 77 76 15 27 7 56 75 5 4 46 82 24 87 80 3 6 0 8 20 2 54 40 22 
TEST 23 ARG:11 40 53 27 45 62 73 91 43 90 21 93 54 83 18 2 3 8 56 57 96 95 79 46 89 6 84 33 68 82 88 75 5 12 63 58 71 47 25 0 41 35 31 67 39 19 66 9 64 34 32 59 22 10 37 36 77 20 17 60 42 49 30 99 23 97 69 74 51 72 80 44 98 65 1 14 92 85 55 38 61 81 50 94 70 87 86 4 16 29 24 52 26 28 13 76 48 15 7 78 
TEST 25 ARG:50 26 21 94 95 8 39 19 7 47 35 41 76 25 31 60 83 66 24 59 68 51 15 30 72 16 85 70 36 81 29 58 46 89 54 2 90 98 55 37 52 1 48 67 27 74 44 63 5 6 84 18 10 38 11 78 82 57 3 64 88 14 61 87 80 86 0 23 79 96 92 97 73 34 91 99 49 9 43 69 17 12 45 40 77 28 33 71 65 53 13 56 20 93 4 42 22 32 75 62 
TEST 26 ARG:58 56 37 75 16 38 27 21 69 78 99 57 73 19 84 83 29 48 93 98 41 82 12 68 91 71 22 55 46 88 52 81 23 44 47 85 65 49 8 59 25 40 39 94 30 90 54 10 51 63 70 74 20 17 31 11 4 50 36 14 86 2 64 28 9 87 92 18 7 35 32 42 26 79 62 43 53 66 60 0 76 13 80 34 95 45 61 96 6 97 77 15 72 1 24 3 89 67 5 33 
TEST 27 ARG:46 34 60 32 88 5 39 75 30 15 66 72 17 58 50 92 85 69 11 2 56 37 67 84 64 45 40 42 12 96 63 20 31 25 71 93 1 43 28 48 74 29 10 33 38 83 52 27 53 76 59 70 77 7 21 54 44 13 24 81 82 49 3 61 65 26 78 19 23 35 36 41 95 9 80 57 51 8 87 4 0 18 6 47 91 97 73 99 14 94 90 68 98 62 16 86 22 55 79 89 
TEST 28 ARG:70 87 60 79 76 83 55 42 48 77 74 56 94 7 44 98 39 43 73 68 51 28 50 75 54 63 66 15 9 84 38 40 20 82 4 88 24 45 16 65 47 58 35 72 23 46 49 89 69 99 13 1 22 25 92 64 96 11 6 53 17 85 86 30 8 32 19 31 10 67 37 59 27 57 0 29 93 41 97 61 34 21 14 2 3 90 80 62 18 78 71 95 33 5 91 26 81 36 12 52 
TEST 29 ARG:82 59 32 55 50 31 11 79 6 26 95 78 9 68 34 91 72 83 23 33 85 60 56 64 22 29 62 69 20 45 63 90 98 2 18 1 52 12 93 61 71 87 43 19 75 70 5 67 76 66 16 8 42 10 88 40 99 47 86 51 0 37 13 94 49 57 14 46 65 54 92 96 35 38 73 24 25 58 81 89 36 77 53 44 17 27 7 41 30 97 39 28 4 74 21 3 15 48 80 84 
TEST 30 ARG:3 0 86 7 75 89 73 96 79 6 1 65 37 87 36 54 22 99 44 84 76 47 10 23 31 62 5 60 85 93 59 26 45 12 29 55 15 70 46 16 95 49 69 77 25 39 17 64 21 74 35 42 82 58 14 81 41 2 63 33 18 32 38 19 43 94 71 66 83 40 28 24 52 57 27 80 53 51 13 98 90 92 67 91 50 56 11 30 8 97 78 9 48 20 88 4 34 68 61 72 
TEST 31 ARG:61 3 52 98 45 23 1 35 11 93 54 55 40 86 33 91 84 10 81 58 57 60 73 5 80 94 24 22 96 20 12 70 90 53 67 31 9 97 75 59 43 17 79 77 34 16 39 19 42 47 14 21 65 37 72 99 89 13 32 30 71 95 82 64 63 92 62 44 76 18 28 88 4 6 27 51 46 2 41 68 69 83 74 48 85 87 7 38 15 25 8 50 56 66 26 49 36 78 29 0 
TEST 32 ARG:74 15 61 31 72 3 97 87 70 24 58 94 71 4 9 52 95 22 33 35 16 55 76 69 26 42 83 19 37 49 65 6 46 62 23 99 60 40 38 32 25 80 75 73 13 47 2 88 96 67 10 84 0 11 91 64 79 50 77 98 29 85 56 81 14 7 1 5 8 41 20 17 90 30 36 59 51 57 18 78 21 45 27 34 86 44 39 66 48 93 54 92 12 63 28 43 89 82 68 53 
TEST 33 ARG:51 52 35 89 99 38 87 23 66 11 14 80 47 57 26 65 86 42 76 54 73 59 60 98 50 56 1 55 19 30 10 63 61 81 94 37 49 83 22 58 79 82 88 24 20 43 41 2 84 68 69 70 34 0 78 18 21 32 29 5 67 27 85 53 3 28 74 96 46 12 16 33 45 97 91 95 6 31 75 90 8 13 93 48 15 44 36 77 64 4 39 9 71 40 7 72 62 25 92 17 
TEST 34 ARG:38 60 95 23 78 69 34 74 49 76 81 42 13 90 57 10 71 89 27 70 20 8 85 88 30 37 61 53 82 91 75 28 63 19 72 7 98 96 40 79 65 94 52 99 55 24 12 43 11 9 2 16 50 14 77 32 1 15 39 18 87 41 25 64 21 92 66 51 22 46 59 86 44 84 47 54 48 56 17 26 45 3 31 93 36 33 35 5 80 83 73 68 97 67 0 6 29 62 4 58 
TEST 35 ARG:33 22 52 69 95 19 18 55 39 82 75 15 61 28 67 63 68 86 8 90 17 65 35 84 98 9 64 41 83 26 14 56 96 27 89 36 13 93 20 4 48 16 50 30 49 12 2 72 24 6 53 29 85 0 10 45 34 77 38 62 37 7 25 71 80 40 66 79 51 21 54 78 47 46 42 23 44 1 81 92 43 11 99 76 94 5 59 58 73 91 32 74 87 97 31 88 70 60 3 57 
TEST 36 ARG:40 67 61 54 52 31 80 12 41 1 65 9 89 57 63 4 51 20 27 3 49 17 22 75 45 97 99 93 66 42 30 18 53 46 14 19 48 82 26 59 0 11 33 6 91 70 43 71 98 68 16 88 35 44 92 62 36 25 50 38 32 87 10 8 74 39 90 23 72 69 78 34 29 95 2 96 37 86 64 15 47 76 73 58 79 28 13 5 77 60 55 56 21 83 7 24 94 85 81 84 
TEST 37 ARG:1 28 61 57 76 78 83 4 88 77 21 46 15 20 35 18 69 90 6 94 31 82 11 54 95 24 43 50 87 53 60 17 22 12 55 97 13 59 85 48 75 33 62 30 74 29 80 37 9 8 42 92 91 49 2 34 44 0 65 56 10 81 38 99 26 84 27 66 14 67 7 40 93 63 25 39 47 45 51 52 58 36 71 68 16 98 70 5 89 19 79 73 64 86 32 96 72 3 23 41 
TEST 38 ARG:89 40 98 46 24 28 5 91 58 25 44 76 16 81 94 92 45 56 83 9 77 62 87 13 11 39 34 15 74 93 67 64 10 84 8 29 3 88 80 66 86 21 53 32 22 63 49 42 19 37 38 6 33 79 71 70 1 61 50 35 4 57 72 7 97 85 27 48 0 82 90 96 36 43 26 23 14 65 51 12 95 17 73 54 60 18 59 31 20 68 99 41 55 47 69 78 30 75 52 2 
TEST 40 ARG:8 10 73 72 49 24 21 32 47 40 70 77 38 82 33 84 16 68 30 41 81 60 75 9 87 74 69 19 78 2 23 12 52 76 14 64 83 80 0 79 3 15 36 88 57 20 1 98 17 65 91 5 59 18 53 50 11 55 56 89 62 96 48 71 26 90 99 29 6 97 95 35 63 28 43 61 34 94 85 66 39 7 31 46 45 93 4 67 13 86 92 44 58 54 51 37 42 27 25 22 
TEST 41 ARG:23 69 17 84 89 9 67 27 85 87 61 97 41 42 92 29 34 39 48 45 64 8 33 43 56 78 98 60 26 21 72 94 83 46 68 19 2 32 55 24 5 47 79 53 36 57 31 65 15 4 74 80 91 50 28 93 96 52 38 35 20 95 13 86 51 81 54 18 75 76 58 71 77 88 66 1 44 70 40 7 73 49 90 59 82 3 16 10 62 37 11 0 25 99 12 63 6 14 22 30 
TEST 42 ARG:68 8 17 25 91 62 47 15 5 82 10 39 11 89 74 71 98 81 79 23 41 55 22 84 67 85 37 43 46 27 70 51 12 95 49 33 2 75 52 56 19 6 13 90 29 61 76 99 36 7 24 35 18 0 14 78 26 1 42 64 44 40 53 87 21 80 54 34 30 88 66 20 58 86 72 63 31 93 9 48 94 73 65 69 38 16 77 97 59 32 92 83 96 60 57 3 28 50 4 45 
TEST 43 ARG:94 84 21 65 91 36 38 56 18 67 68 76 57 63 32 53 78 25 82 62 77 83 97 90 93 6 66 28 2 15 51 26 98 43 30 96 95 8 14 71 73 47 31 49 1 58 19 41 60 9 69 20 3 39 87 92 45 10 72 12 0 40 50 46 16 80 35 54 11 44 29 37 33 99 22 74 48 81 17 23 59 7 85 86 52 64 13 89 61 5 88 55 42 34 79 70 4 24 27 75 
TEST 44 ARG:52 38 97 19 31 12 30 1 79 91 26 4 50 80 57 14 11 33 22 92 51 75 44 6 74 86 65 53 7 87 76 16 41 36 40 64 49 13 39 71 23 67 2 37 45 93 27 56 58 69 43 85 62 88 77 78 21 61 3 68 18 28 89 42 90 99 70 95 66 94 63 47 5 29 10 54 25 84 20 72 98 55 32 17 96 35 83 9 0 73 48 59 8 34 24 82 60 81 15 46 
TEST 45 ARG:71 20 66 95 3 15 89 84 36 51 2 97 98 92 8 93 55 73 79 64 13 33 27 82 9 72 32 87 50 21 56 11 60 46 37 96 44 43 61 58 59 74 41 81 24 57 77 18 65 19 39 25 49 76 28 6 99 69 12 30 54 35 75 91 88 14 80 42 16 4 86 22 83 63 90 34 53 70 52 31 38 29 78 68 5 17 85 62 0 26 48 67 94 47 45 23 10 1 7 40 
TEST 46 ARG:4 82 32 50 74 21 79 40 35 38 42 18 16 6 43 85 89 97 62 84 0 23 48 76 52 47 73 7 2 55 72 86 19 1 39 53 51 57 96 44 15 75 67 28 91 71 63 24 64 78 26 93 9 83 3 98 17 25 5 61 14 33 87 20 46 95 37 10 77 29 31 13 99 12 54 36 90 66 34 56 81 59 27 22 65 70 88 45 60 8 80 94 41 11 49 92 30 58 69 68 
TEST 47 ARG:91 50 18 58 60 28 12 14 71 65 25 54 31 85 56 95 64 67 44 0 11 8 76 36 69 26 57 84 19 75 94 32 89 73 42 51 3 7 13 49 83 48 45 35 90 15 81 46 70 17 62 30 37 53 39 47 2 68 88 74 27 80 55 6 22 38 4 82 24 41 20 77 29 93 78 21 61 52 86 63 33 9 97 92 96 43 23 1 16 59 98 66 10 5 72 79 40 99 34 87 
TEST 48 ARG:69 89 98 8 0 77 11 36 35 6 22 76 73 58 71 9 88 44 87 40 56 57 68 2 55 39 13 92 93 25 51 42 34 28 49 67 63 47 37 97 50 24 81 21 70 60 32 5 78 4 23 15 10 82 33 90 83 18 1 45 94 38 84 41 75 31 64 20 48 53 7 52 30 72 86 66 62 65 74 16 99 14 95 85 79 27 26 59 61 43 12 29 17 96 19 3 46 80 54 91 
TEST 49 ARG:35 16 8 62 68 10 78 47 37 81 1 39 96 84 94 0 54 98 51 73 42 87 43 15 29 48 97 75 20 53 71 86 80 92 91 40 63 56 31 85 27 76 30 83 36 11 93 6 67 28 60 55 52 33 17 79 9 25 12 45 61 99 13 77 57 2 49 59 69 82 18 95 50 26 14 23 38 90 21 88 70 66 58 34 22 65 4 32 89 41 7 74 3 44 19 72 46 24 64 5 
TEST 50 ARG:12 36 89 63 53 31 52 44 40 4 60 88 65 16 49 1 35 21 29 91 64 56 15 34 51 28 22 27 85 26 72 99 90 39 59 66 23 80 95 24 54 74 86 47 92 58 6 7 67 48 2 30 57 78 5 71 42 61 73 68 76 84 55 70 14 75 3 69 81 97 25 38 79 13 20 82 94 98 37 62 33 46 87 50 83 32 11 18 17 19 41 77 93 43 8 0 96 9 10 45 
TEST 51 ARG:94 75 70 46 55 13 84 68 81 80 38 88 69 78 62 37 26 59 20 76 65 28 8 63 91 39 42 17 41 79 66 43 72 93 99 11 7 3 19 22 74 83 92 40 12 73 98 9 52 57 27 56 64 15 85 49 58 35 16 2 54 18 32 82 51 95 36 44 25 50 31 6 1 21 45 34 23 89 10 33 77 71 14 29 96 0 67 61 53 30 24 4 90 47 87 60 48 5 97 86 
TEST 52 ARG:76 59 30 10 90 97 16 26 80 56 18 58 85 14 60 93 6 57 31 96 70 13 12 52 8 22 69 3 72 71 95 50 44 7 68 34 1 41 11 78 24 23 5 42 2 64 53 25 32 27 84 65 89 88 39 99 46 77 45 67 47 20 81 92 87 29 43 94 61 86 37 21 40 66 4 17 91 83 74 0 51 9 33 49 98 48 19 35 62 75 79 55 82 15 36 38 54 28 63 73 
TEST 53 ARG:85 54 37 65 8 68 26 17 29 28 21 94 63 16 60 99 95 72 40 0 49 50 77 23 91 71 43 93 96 57 86 33 47 97 52 6 88 64 59 55 20 51 39 38 61 42 14 80 70 92 98 19 83 89 34 12 4 27 76 24 3 48 35 5 30 58 36 7 1 11 62 87 75 84 13 74 10 25 2 78 9 82 69 79 31 90 44 66 18 32 81 67 73 15 53 41 45 56 46 22 
TEST 54 ARG:96 1 79 24 18 99 12 10 7 68 59 60 63 50 43 82 47 48 36 64 76 4 75 78 17 57 56 98 81 97 95 35 55 42 39 87 37 22 21 27 71 20 26 8 11 23 77 38 52 34 54 65 45 41 61 80 13 91 49 0 14 25 33 51 58 16 69 92 44 15 73 90 3 29 2 28 62 5 40 84 53 72 74 85 30 46 32 83 93 89 66 86 67 6 70 19 88 9 94 31 
TEST 55 ARG:43 18 24 69 79 13 57 4 37 52 42 51 35 55 6 77 73 32 34 86 54 78 36 98 80 30 65 22 1 5 82 38 40 97 96 66 27 58 8 93 44 45 92 60 49 29 76 19 88 9 7 46 75 10 72 91 84 56 62 67 23 20 95 21 41 26 0 94 74 3 25 64 99 50 53 15 83 33 90 12 17 47 70 89 85 59 28 16 63 71 87 31 81 2 68 14 61 11 48 39 
TEST 56 ARG:4 24 21 45 6 8 40 9 81 85 19 7 99 2 74 33 77 38 58 44 14 94 62 70 79 97 52 92 30 83 39 28 54 73 65 98 90 84 82 87 57 66 63 41 68 88 80 76 69 29 42 61 67 25 31 35 5 96 22 51 34 75 60 13 23 59 48 56 37 12 18 47 16 50 36 93 53 27 91 26 86 46 20 10 32 3 11 72 64 49 78 95 1 55 15 17 71 43 89 0 
TEST 57 ARG:18 83 94 4 71 81 13 72 45 20 97 79 86 32 63 75 59 38 93 37 46 2 33 10 90 58 35 73 82 16 24 1 44 54 17 3 52 47 6 57 41 50 88 19 65 92 25 23 48 70 60 87 74 53 5 39 64 14 78 42 76 15 11 61 91 40 8 9 27 66 68 77 80 55 21 12 28 30 67 98 62 99 89 43 29 96 49 51 34 95 85 7 69 22 31 36 0 26 56 84 
TEST 58 ARG:37 28 23 57 93 0 26 7 47 63 88 10 11 46 50 58 18 16 24 19 70 61 89 53 34 72 35 56 78 5 25 73 2 79 51 48 6 12 71 95 43 64 17 36 30 80 15 97 32 4 42 1 91 9 3 62 41 87 60 8 84 92 76 22 75 85 68 65 86 67 29 96 77 52 74 83 20 54 44 31 45 39 94 55 38 59 82 40 98 13 27 99 90 21 69 66 49 14 33 81 
TEST 59 ARG:10 8 36 34 40 33 60 73 91 18 67 74 98 57 21 1 94 23 39 68 83 28 86 61 15 22 17 49 14 6 3 56 38 19 47 20 31 58 62 46 69 64 13 32 50 79 54 92 77 27 95 7 87 90 80 29 0 24 16 52 96 99 66 30 89 55 26 84 51 85 82 11 59 42 65 43 78 45 63 81 88 5 9 71 70 4 97 53 75 37 48 2 25 41 93 76 44 35 12 72 
TEST 60 ARG:74 84 20 86 17 94 70 23 34 57 3 79 99 58 43 67 4 64 7 25 89 88 66 32 13 77 22 31 12 0 51 48 97 18 85 76 54 45 38 90 46 30 42 9 68 72 60 87 80 65 81 5 29 62 82 73 50 93 10 78 56 27 33 24 14 11 26 1 8 16 53 59 61 41 21 95 92 15 71 49 19 37 83 47 2 96 6 98 52 28 35 44 36 40 75 69 63 55 39 91 
TEST 62 ARG:77 35 92 56 53 30 69 86 45 52 42 83 61 13 47 11 70 89 60 20 37 14 6 44 88 80 17 19 85 71 0 10 58 96 16 49 95 84 66 1 73 8 72 46 28 7 36 91 9 38 12 29 34 3 21 18 33 25 2 24 75 31 67 54 32 27 51 82 87 68 23 93 55 43 15 40 48 78 81 63 65 76 26 64 98 90 57 5 39 97 50 74 22 79 94 99 62 41 4 59 
TEST 63 ARG:81 10 56 93 31 11 43 80 46 90 29 70 86 36 53 66 13 48 33 98 22 20 95 28 12 2 96 73 8 75 88 51 63 21 15 25 3 52 47 0 97 99 24 76 77 19 91 69 50 39 4 92 84 89 54 38 16 5 82 42 14 17 40 44 49 67 7 37 27 72 83 85 74 78 6 35 41 71 9 30 60 26 23 61 68 62 64 79 1 55 57 94 58 59 18 34 45 65 87 32 
TEST 64 ARG:55 80 79 44 86 72 9 31 57 2 11 41 78 37 74 81 99 73 97 36 16 40 26 71 92 87 34 85 75 96 14 61 70 24 12 4 29 82 18 47 22 19 13 21 10 95 23 58 46 27 32 90 84 88 98 48 39 56 67 69 20 1 62 60 77 63 64 35 89 52 28 5 68 53 66 8 94 59 25 83 6 42 50 33 93 65 30 45 0 7 51 38 76 43 3 17 49 91 54 15 
TEST 65 ARG:91 80 68 75 60 97 40 37 1 99 34 23 69 85 88 26 92 7 66 22 70 31 67 11 21 47 36 16 51 29 58 41 20 65 2 10 50 8 56 87 90 6 5 45 0 84 3 59 27 53 72 17 79 63 62 94 49 95 96 12 73 19 54 55 44 83 38 15 24 77 33 43 46 25 89 13 39 52 18 61 78 81 30 57 76 98 4 71 42 93 9 74 35 28 64 86 48 82 14 32 
TEST 67 ARG:32 9 40 22 46 78 20 29 64 55 30 15 60 99 33 97 35 44 96 63 70 13 37 93 28 21 36 11 31 41 87 82 49 75 42 77 98 39 25 58 72 79 59 27 4 90 8 51 7 34 85 5 61 91 84 66 0 48 47 54 52 73 53 68 45 3 57 95 50 18 26 2 56 74 88 1 24 17 38 83 23 71 12 19 86 14 65 92 43 81 89 67 62 16 94 6 69 10 76 80 
TEST 68 ARG:21 29 47 60 12 9 75 6 68 56 1 96 19 25 0 99 23 63 18 24 53 49 37 69 82 35 86 55 16 40 87 79 30 22 71 94 98 58 45 88 13 64 15 93 51 70 38 84 31 59 67 17 91 61 48 78 28 54 20 73 90 66 62 74 11 97 32 44 8 4 77 42 76 34 5 41 83 57 39 85 81 3 26 7 14 52 27 72 80 65 33 43 95 2 46 50 89 36 92 10 
TEST 69 ARG:89 44 17 50 72 92 98 65 11 27 7 68 71 33 28 97 25 67 99 70 49 4 80 79 37 84 32 53 93 24 61 38 75 96 42 55 40 2 1 87 8 74 10 12 86 60 83 64 73 77 91 57 54 62 82 34 13 6 66 35 78 88 94 36 29 43 14 63 3 5 81 21 58 90 69 23 0 76 26 56 48 59 85 20 47 31 39 41 15 18 51 22 16 30 95 45 46 9 52 19 
TEST 70 ARG:10 76 42 4 63 19 80 51 49 22 38 61 31 72 81 52 77 74 85 20 33 92 36 8 97 57 75 86 58 94 43 13 28 55 47 27 14 67 3 59 53 25 45 1 56 95 82 73 48 50 46 93 35 16 2 87 11 30 41 26 12 54 24 90 70 0 34 62 99 79 84 17 91 39 37 15 9 98 21 78 89 83 88 29 69 66 6 71 40 44 7 32 65 60 23 96 5 64 68 18 
TEST 71 ARG:21 23 50 8 44 20 16 1 86 35 65 43 22 40 90 54 80 56 12 46 53 92 42 67 25 60 83 10 17 37 30 3 7 77 95 38 55 94 72 33 19 88 34 69 62 5 98 81 32 59 29 71 96 89 57 49 63 26 48 75 61 58 11 0 15 51 31 76 85 74 36 97 39 28 84 91 70 79 18 27 45 41 47 99 78 66 13 93 87 82 2 14 6 9 64 24 4 68 73 52 
TEST 72 ARG:71 14 7 73 41 72 38 88 98 81 65 40 27 82 74 9 39 64 30 58 63 84 61 1 52 56 13 43 53 0 29 79 2 51 60 45 90 12 31 6 99 97 34 35 5 83 54 26 44 47 21 94 22 62 28 76 3 93 25 50 16 57 48 18 15 77 55 92 19 87 8 66 42 10 70 23 37 67 4 89 86 49 78 20 96 68 91 69 75 95 32 85 11 80 17 46 24 33 59 36 
TEST 73 ARG:41 4 43 32 95 66 76 28 56 73 11 60 30 75 83 54 33 84 48 31 78 35 62 38 19 40 10 65 72 51 81 49 26 94 50 42 59 70 24 57 29 12 80 39 46 44 58 64 52 69 98 27 87 86 68 67 47 18 34 88 37 13 55 25 15 6 20 82 22 85 7 1 45 63 74 53 89 8 99 97 9 0 17 23 61 77 5 21 3 91 36 90 71 79 92 93 96 14 2 16 
TEST 74 ARG:7 65 35 20 81 52 54 21 40 18 19 80 91 33 16 38 22 3 4 25 2 37 41 0 36 82 97 88 63 70 31 62 92 57 23 60 49 47 66 85 14 68 32 42 86 73 61 1 99 17 8 94 76 96 55 87 29 11 79 75 34 10 44 71 83 89 69 51 45 24 78 74 50 48 90 56 9 58 95 84 12 72 39 13 28 43 30 26 93 77 6 67 27 98 15 46 53 64 5 59 
TEST 75 ARG:70 87 75 99 76 32 65 81 62 82 78 29 98 96 23 51 11 25 5 89 94 1 13 79 21 2 57 50 12 17 63 41 43 28 91 22 46 33 19 56 83 35 44 49 3 60 59 73 71 66 10 42 92 85 93 9 31 68 14 54 61 52 18 90 86 26 80 77 24 27 0 4 37 74 45 88 20 47 72 6 55 30 67 40 58 48 38 34 95 64 36 84 97 69 8 39 53 7 16 15 
TEST 76 ARG:99 68 94 2 74 80 5 36 81 43 17 26 57 42 29 22 47 1 70 96 24 87 61 65 63 83 30 18 12 91 9 98 10 46 75 21 28 72 66 8 90 39 35 15 77 50 45 60 92 34 51 11 67 76 14 52 27 49 86 0 20 95 32 93 73 44 31 71 64 97 33 4 88 56 62 38 84 59 13 79 82 6 37 69 89 19 41 54 58 7 40 78 55 25 53 3 16 85 23 48 
TEST 77 ARG:19 41 63 95 34 98 17 51 13 71 57 99 0 93 1 76 60 56 31 91 54 65 87 94 55 16 52 43 92 96 8 86 46 30 66 42 24 48 69 97 26 79 23 74 40 83 75 6 49 38 29 77 4 72 47 14 81 7 25 33 64 62 82 58 44 28 68 37 73 45 80 70 53 59 78 5 67 36 3 15 20 21 11 10 27 12 2 18 35 89 85 50 90 84 32 9 39 88 22 61 
TEST 78 ARG:44 16 88 72 95 11 56 80 32 22 76 98 71 65 91 73 85 27 31 92 20 74 62 51 23 96 68 59 9 33 93 38 40 2 75 49 54 66 87 42 24 83 19 28 89 55 99 94 53 61 6 43 86 3 34 10 82 39 84 15 0 45 35 47 36 78 81 63 46 5 13 25 30 48 52 37 21 67 12 8 70 58 57 77 60 4 50 97 69 29 17 64 41 7 90 14 79 1 26 18 
TEST 79 ARG:64 80 78 28 0 55 16 4 22 77 36 20 66 41 2 53 89 68 5 59 91 72 34 24 84 52 1 94 79 71 6 96 86 25 92 98 67 44 69 65 27 73 42 12 93 9 99 13 8 54 29 58 87 48 15 38 35 7 31 56 10 39 45 97 26 47 18 11 75 37 19 14 40 3 57 88 85 70 83 76 49 81 17 50 32 21 33 74 61 30 46 82 23 95 51 43 63 62 90 60 
TEST 80 ARG:42 25 76 13 99 56 98 41 32 31 82 96 77 58 1 70 16 69 6 84 65 51 11 95 26 62 8 92 93 74 52 45 15 40 23 75 29 43 54 7 91 86 24 17 35 85 0 55 63 59 53 2 64 71 3 48 94 19 90 33 67 50 46 87 88 60 21 28 78 4 18 49 81 36 20 14 10 47 97 38 22 79 37 83 80 30 5 73 61 68 57 66 72 9 39 27 44 89 34 12 
TEST 81 ARG:19 58 65 72 61 34 50 80 11 69 31 17 60 91 39 85 88 75 22 74 21 52 59 28 7 45 25 48 10 44 40 32 36 0 89 8 4 16 70 30 96 95 78 57 2 90 14 55 41 27 98 73 26 47 86 6 87 46 83 18 92 94 43 33 56 38 93 63 51 67 84 5 23 76 99 35 20 82 64 3 13 1 66 53 42 68 62 12 15 77 81 29 24 49 71 9 79 37 54 97 
TEST 82 ARG:68 69 14 72 66 27 48 11 44 81 65 3 86 80 40 67 45 90 76 62 34 47 99 60 97 88 57 87 53 25 92 63 33 36 94 29 24 7 82 61 31 13 74 1 84 43 32 54 21 58 75 12 52 22 89 91 28 42 39 51 56 30 46 26 77 4 49 37 64 50 71 98 73 15 2 93 59 5 38 10 18 96 55 16 78 41 0 6 9 95 83 79 35 70 8 19 23 20 85 17 
TEST 83 ARG:59 14 53 32 90 94 50 40 10 26 60 5 37 71 2 89 43 65 13 99 88 57 6 51 95 29 1 0 4 96 82 74 48 63 25 33 17 92 80 45 11 79 64 66 62 86 27 20 58 54 83 81 61 34 16 67 28 22 69 19 42 36 18 12 23 84 30 15 73 24 8 46 39 93 87 21 97 38 85 3 49 75 35 70 98 31 41 56 44 77 91 9 52 76 78 7 72 47 55 68 
TEST 84 ARG:66 53 74 63 93 85 52 10 48 89 54 36 50 38 94 69 31 23 96 9 60 80 67 41 15 68 91 17 16 35 95 42 18 98 5 40 79 46 1 73 4 57 0 20 24 56 78 13 25 33 82 77 30 59 19 92 22 62 64 3 27 87 90 75 21 2 49 47 70 71 34 84 7 26 99 97 37 14 32 43 65 12 51 44 8 83 11 39 72 29 88 86 76 28 55 45 61 81 58 6 
TEST 85 ARG:25 49 83 44 36 65 0 86 16 58 76 92 4 15 21 27 90 98 96 2 12 3 57 30 60 6 67 18 51 11 99 84 13 42 87 75 5 93 28 9 24 14 19 34 85 54 45 39 71 50 89 55 61 43 47 53 63 7 80 29 33 66 94 72 20 79 78 88 10 26 1 82 64 95 8 23 37 69 56 41 17 52 73 40 62 91 97 38 70 46 59 31 74 77 32 35 22 81 48 68 
TEST 86 ARG:77 46 95 15 78 70 67 76 39 49 72 22 75 9 25 19 69 4 59 88 60 28 14 6 34 81 82 79 1 56 83 98 57 35 12 30 0 84 37 93 58 71 3 17 64 53 8 40 99 45 43 62 90 24 51 7 61 97 27 50 65 54 31 11 42 63 21 16 94 91 48 92 85 68 73 32 44 5 87 66 96 29 2 47 10 38 33 20 86 13 26 36 89 52 80 23 55 41 74 18 
TEST 87 ARG:76 69 1 11 83 8 5 58 34 39 28 61 10 57 49 13 96 99 86 81 70 56 89 33 22 4 60 38 23 50 53 54 18 32 85 51 43 7 12 88 78 65 74 45 67 59 62 37 93 79 24 64 72 68 75 92 90 87 55 91 98 27 15 82 9 31 3 36 26 19 94 97 16 25 47 35 41 21 44 14 80 0 17 95 84 30 63 71 6 20 73 29 42 48 52 40 2 46 77 66 
TEST 88 ARG:42 32 63 3 79 89 27 51 37 73 82 13 25 11 84 47 28 70 66 8 88 22 17 69 98 90 53 74 92 1 14 93 35 21 52 55 58 2 56 44 95 67 97 40 80 7 15 85 62 38 96 0 6 41 54 59 9 24 61 99 36 75 26 31 76 78 83 19 81 43 45 34 33 65 10 30 71 12 64 16 57 77 29 87 50 49 60 86 46 39 94 5 68 48 72 23 20 18 91 4 
TEST 89 ARG:69 5 53 30 25 59 66 19 92 36 24 57 68 58 70 26 46 27 9 52 91 45 38 48 94 82 47 81 20 89 54 7 4 50 14 21 78 12 90 2 39 64 76 83 93 80 34 72 96 37 13 0 74 71 67 75 15 73 40 56 32 10 97 3 17 49 51 11 41 87 61 95 22 79 99 86 1 88 35 6 84 43 44 98 23 85 16 42 55 18 60 33 65 28 62 63 31 77 8 29 
TEST 90 ARG:34 95 51 33 36 24 70 18 40 35 45 68 79 72 50 55 7 63 53 22 61 58 27 77 37 99 96 94 82 88 29 12 57 71 97 31 87 30 49 69 46 6 0 67 59 19 9 56 11 73 3 81 23 20 15 38 86 80 48 39 89 98 43 54 16 44 17 13 21 66 8 74 65 85 41 2 78 92 14 28 84 60 83 25 90 1 52 93 10 42 62 75 91 47 5 4 32 64 76 26 
TEST 91 ARG:44 71 93 13 30 54 40 38 84 91 70 1 95 59 3 26 81 79 27 86 45 83 92 78 42 48 19 67 28 63 56 96 46 2 66 89 88 43 22 16 94 33 23 97 12 39 15 6 32 74 8 98 14 52 69 5 80 77 11 37 10 73 53 0 47 90 76 61 9 87 31 57 49 24 36 82 25 51 34 99 72 55 29 18 58 35 75 50 60 41 68 85 4 21 62 65 64 17 20 7 
TEST 93 ARG:12 3 73 35 86 68 8 5 95 89 64 54 72 96 28 83 33 19 92 18 13 94 25 55 99 75 10 69 98 60 58 91 97 31 11 32 6 66 27 56 70 30 20 57 47 61 85 67 23 93 52 44 21 74 40 80 77 4 46 71 36 78 84 38 79 41 15 51 82 34 9 90 17 14 42 88 81 26 16 48 22 39 59 63 43 24 0 76 50 45 2 65 37 87 29 53 49 7 62 1 
TEST 94 ARG:73 76 45 88 83 91 54 90 94 78 19 64 53 5 31 15 26 28 9 44 89 14 11 52 37 56 8 65 32 85 80 66 70 49 18 59 20 67 98 10 93 84 69 40 55 62 57 99 95 63 4 82 21 42 3 6 35 60 74 7 46 27 71 2 87 50 86 34 96 61 48 43 29 41 0 47 38 72 1 68 36 17 12 22 16 92 39 24 33 25 51 13 97 75 23 77 58 79 30 81 
TEST 95 ARG:33 49 15 22 84 87 71 91 67 29 96 7 78 17 60 3 6 14 36 4 46 1 63 41 19 13 11 69 45 57 52 93 8 99 21 59 64 48 10 20 86 44 28 74 81 83 42 18 55 98 82 30 38 43 53 90 95 27 61 24 85 65 12 73 80 97 89 54 75 66 72 37 50 79 35 16 40 47 68 88 70 58 34 77 31 56 9 23 25 0 94 2 92 62 51 32 76 39 5 26 
TEST 96 ARG:68 42 33 49 38 48 8 7 67 40 37 25 60 47 98 34 80 11 69 78 88 45 66 27 23 73 39 18 14 72 58 53 10 28 82 13 93 59 56 0 87 6 44 92 32 19 71 76 57 94 63 51 50 79 61 22 62 46 52 86 15 89 83 29 77 3 21 30 85 97 90 5 99 4 31 65 95 74 2 96 16 9 75 84 91 26 17 35 81 12 24 36 1 55 20 70 43 54 64 41 
TEST 97 ARG:42 28 5 53 97 88 51 85 56 14 79 82 1 86 76 78 38 87 61 24 46 98 19 13 58 44 74 73 93 59 29 7 16 81 70 0 31 50 64 34 17 35 62 30 67 40 65 9 20 25 89 96 45 26 99 69 4 36 66 12 54 75 49 60 95 63 43 39 37 41 15 90 80 47 52 71 84 10 23 8 55 92 6 11 91 21 48 83 68 3 94 27 18 72 77 32 2 57 22 33 
TEST 98 ARG:45 1 0 68 58 3 78 60 20 64 67 99 8 35 97 75 28 85 91 54 92 19 25 43 42 98 93 23 5 65 4 29 36 39 34 48 2 49 31 53 66 46 70 50 95 86 73 61 38 30 84 14 90 79 62 55 37 71 24 40 15 33 74 9 18 80 11 7 76 41 32 96 94 16 77 17 88 89 6 44 27 81 21 22 72 52 69 13 56 47 82 12 51 59 57 63 10 87 83 26 
TEST 99 ARG:28 47 63 14 83 70 41 88 4 46 43 58 94 6 69 30 49 67 51 22 86 56 27 19 29 99 74 66 52 68 87 45 65 37 72 42 48 31 44 91 11 21 53 32 17 16 3 40 59 36 38 61 20 73 24 97 39 12 95 76 79 54 80 89 71 8 18 5 34 64 50 7 84 75 33 81 15 82 57 35 13 78 55 96 98 25 93 60 23 2 26 10 0 1 77 85 62 9 92 90 
TEST 100 ARG:65 55 20 8 49 37 36 12 56 61 68 96 67 42 41 3 74 52 85 5 35 30 78 29 86 60 93 82 97 27 34 99 64 77 57 94 13 45 16 23 70 63 72 24 90 48 2 95 91 0 50 92 80 62 26 43 89 46 83 38 66 75 84 21 25 53 9 51 81 10 11 32 28 22 18 1 4 31 54 58 98 59 39 69 15 88 47 14 33 40 6 17 79 19 71 7 73 44 76 87 
TEST 101 ARG:99 44 13 35 18 31 88 47 25 74 94 60 0 20 38 48 63 41 71 33 55 10 29 43 14 78 70 23 52 42 12 75 98 79 32 58 7 5 36 72 46 90 68 73 6 82 57 17 69 21 19 4 49 56 16 65 80 51 77 92 27 62 76 83 3 2 86 95 66 67 24 61 34 28 84 96 87 81 85 11 93 45 15 89 22 64 40 54 59 26 37 50 53 91 1 97 39 30 9 8 
TEST 102 ARG:81 91 8 21 95 80 17 9 56 53 48 97 33 87 55 3 74 61 12 57 84 99 62 30 92 58 44 24 29 47 94 0 10 38 20 66 32 4 37 50 11 93 18 19 15 82 31 59 35 63 41 64 70 52 67 83 1 68 16 96 65 78 25 14 76 71 42 5 46 75 85 40 88 2 26 39 7 22 54 90 72 49 45 43 73 60 79 89 27 86 98 28 77 36 6 34 13 23 51 69 
TEST 103 ARG:47 12 26 21 31 68 11 81 64 4 48 91 38 41 17 69 22 71 35 46 9 62 27 65 67 20 84 66 93 16 3 51 87 75 39 24 83 98 7 52 28 99 44 85 92 8 76 42 29 33 36 15 1 30 82 56 13 89 88 90 34 19 80 37 54 61 79 58 96 18 14 74 60 63 40 6 70 77 53 23 43 78 59 25 10 50 94 95 97 45 5 2 49 32 0 73 86 72 55 57 
TEST 104 ARG:14 23 60 37 74 77 33 81 16 97 68 1 21 17 49 20 69 64 86 70 80 78 40 13 7 10 79 56 73 3 45 34 22 88 52 9 91 65 90 50 55 83 24 0 36 94 31 28 61 53 12 43 92 98 15 66 44 19 48 76 71 84 8 30 72 95 6 51 18 47 5 63 25 99 35 87 32 4 11 46 2 85 39 26 42 96 89 67 58 27 82 38 29 75 93 57 54 62 59 41 
TEST 105 ARG:27 32 65 45 10 78 52 6 40 14 98 67 72 70 9 49 2 53 0 90 11 5 76 43 54 56 86 18 19 82 92 13 12 47 66 31 22 68 17 62 1 88 74 38 93 26 3 35 42 80 44 41 89 33 79 94 75 51 97 24 20 48 99 50 15 84 16 95 8 28 39 61 21 77 60 25 63 85 57 91 36 83 23 81 71 96 30 64 87 59 34 29 69 37 58 73 4 7 46 55 
TEST 106 ARG:70 58 93 46 39 16 14 27 66 35 7 49 13 9 78 72 75 56 86 81 84 63 76 45 88 96 42 52 28 69 95 25 99 91 36 11 85 26 77 34 10 8 53 55 50 44 67 37 2 22 68 87 17 65 41 59 32 18 82 24 43 80 15 6 20 33 73 98 29 62 92 1 3 4 90 5 79 12 60 61 51 47 97 30 54 21 48 64 57 38 71 40 83 0 89 31 19 23 94 74 
TEST 107 ARG:27 92 94 25 11 96 58 39 85 18 72 8 35 32 57 46 56 89 7 17 60 55 10 75 33 51 49 68 42 1 19 47 45 15 29 6 13 82 77 84 34 97 41 83 24 40 12 22 52 5 28 54 37 86 48 91 62 78 88 87 36 95 3 30 2 53 61 44 90 16 69 63 21 20 64 23 71 74 99 93 38 0 98 67 66 79 26 14 31 81 76 80 70 50 43 65 4 59 73 9 
TEST 108 ARG:83 89 81 49 44 55 65 42 18 50 34 67 40 71 35 57 25 11 93 95 16 76 45 39 1 82 66 14 84 31 92 79 7 13 5 70 47 68 22 78 27 6 36 87 2 19 30 9 80 63 88 54 15 43 26 53 99 3 72 23 0 20 60 64 52 12 41 10 17 37 46 28 62 38 24 86 97 75 69 29 91 85 58 32 48 8 96 77 4 61 59 56 98 21 74 51 90 33 94 73 
TEST 109 ARG:58 94 36 78 29 30 13 85 71 61 70 93 3 33 50 76 15 18 95 60 91 49 40 84 42 51 11 64 34 88 68 87 22 7 28 37 27 26 82 74 73 8 0 54 25 19 1 66 57 12 47 6 72 55 90 59 38 2 98 65 43 16 4 45 62 92 80 32 24 39 9 83 5 53 23 46 17 75 97 63 31 77 14 21 56 20 79 41 67 99 48 52 44 69 89 86 81 35 96 10 
TEST 110 ARG:50 24 41 82 27 0 45 40 52 67 4 19 18 6 26 42 87 76 63 85 97 29 95 91 60 89 49 32 44 2 94 46 28 21 5 16 1 64 35 83 36 23 30 48 61 71 77 13 73 86 57 17 53 11 96 51 25 90 9 20 7 78 88 22 15 31 68 72 10 70 65 38 37 79 56 80 62 59 54 55 47 34 93 66 98 74 69 8 75 3 14 39 58 92 33 84 12 43 99 81 
TEST 112 ARG:87 84 54 12 22 92 78 82 70 77 62 64 69 88 49 72 29 8 65 41 52 94 96 86 37 67 44 6 0 59 10 40 73 81 17 99 97 57 5 47 60 3 30 14 45 71 56 75 50 89 66 48 68 20 4 79 55 93 85 74 25 33 43 32 53 90 31 61 34 26 63 42 95 9 21 16 24 91 76 23 1 28 39 35 46 18 27 13 80 38 11 2 58 15 19 7 98 83 36 51 
TEST 113 ARG:81 87 83 46 21 88 74 57 48 30 69 64 78 8 79 90 51 27 63 76 20 2 10 91 25 24 97 14 34 95 85 61 59 86 36 71 0 38 66 43 39 22 65 96 62 77 1 37 98 6 94 3 18 23 44 5 75 47 29 67 7 45 12 49 19 42 54 13 16 93 58 89 40 70 32 28 80 92 11 60 82 35 17 72 68 73 4 55 50 31 84 99 33 26 9 53 52 15 41 56 
TEST 114 ARG:11 22 54 85 96 36 64 32 70 47 63 49 28 69 12 31 39 41 1 90 62 87 26 19 86 4 94 9 93 60 78 34 76 5 43 56 68 80 55 99 88 61 53 57 59 97 46 16 45 58 48 13 33 21 84 24 44 30 83 42 77 0 98 8 18 92 27 67 71 29 25 17 65 72 91 6 52 89 14 7 95 82 51 75 40 79 50 74 66 20 35 2 37 81 3 10 38 23 15 73 
TEST 115 ARG:66 24 99 56 44 71 35 34 70 58 21 92 59 64 89 88 79 20 22 31 33 90 85 96 41 78 50 37 60 54 17 30 52 2 57 13 36 18 38 0 80 16 5 19 51 12 42 23 26 68 84 74 27 3 28 46 45 75 39 43 76 87 9 93 14 91 32 72 47 15 86 1 63 11 65 6 73 40 77 81 67 69 98 53 10 94 48 62 95 55 29 4 97 82 83 25 8 7 61 49 
TEST 116 ARG:7 91 23 95 61 94 8 51 39 47 90 81 24 14 36 68 28 48 73 50 17 67 84 60 89 64 79 40 82 58 31 34 71 56 70 42 66 44 18 62 49 1 21 53 97 9 0 19 76 15 65 12 5 4 83 32 80 26 99 72 63 41 37 86 75 93 11 33 98 22 69 77 52 3 29 87 2 20 54 25 55 38 16 13 57 10 92 6 88 43 35 96 27 45 74 59 78 85 46 30 
TEST 117 ARG:5 65 57 40 42 61 12 35 51 20 75 62 91 56 21 33 27 45 39 98 16 1 83 53 85 38 9 48 99 52 55 2 29 23 4 10 93 86 8 97 78 58 81 25 74 0 24 31 73 22 87 76 90 72 71 80 59 46 95 84 37 94 17 77 60 96 70 14 13 36 69 92 47 15 67 18 28 79 19 66 41 11 63 44 26 6 82 88 30 43 49 54 50 64 68 34 7 32 3 89 
TEST 118 ARG:65 44 76 20 89 92 34 24 88 29 19 90 97 49 91 71 70 85 95 2 56 26 30 21 43 14 67 7 36 72 82 1 93 59 47 12 61 33 9 52 68 42 48 80 25 3 31 39 55 66 28 16 46 60 8 54 45 41 53 99 87 17 75 84 50 69 51 23 74 58 37 62 57 77 22 13 96 10 4 38 15 11 27 94 98 79 35 40 86 63 32 0 78 5 83 64 81 6 73 18 
TEST 119 ARG:36 97 11 94 59 65 88 45 12 61 32 85 35 71 40 42 9 93 33 50 87 7 77 70 73 4 10 62 19 80 17 82 53 79 37 74 20 75 84 68 52 63 91 51 41 15 78 3 16 58 72 34 56 21 8 76 30 95 5 2 0 18 69 13 14 92 31 25 44 1 54 49 29 81 55 57 64 6 26 24 39 60 90 98 27 23 89 22 28 43 48 47 99 67 83 86 96 38 46 66 
TEST 120 ARG:44 65 45 87 89 57 21 33 74 37 75 50 25 47 61 17 92 82 12 1 42 55 34 80 28 73 11 9 63 90 77 98 30 43 64 53 35 14 58 0 72 20 76 40 81 79 13 39 32 49 93 71 56 6 62 7 83 48 68 29 8 97 22 5 24 38 31 23 41 46 10 19 86 66 59 2 69 4 96 78 15 94 70 67 51 91 36 60 16 85 27 88 3 54 52 18 84 99 26 95 
TEST 121 ARG:53 13 38 97 81 45 82 12 6 18 9 0 95 11 91 37 35 63 86 94 15 33 72 92 30 26 76 27 43 96 29 25 42 55 16 56 84 24 23 78 58 50 60 89 64 1 31 62 93 10 28 85 77 61 54 75 83 21 20 49 73 69 22 8 98 48 17 52 59 70 41 67 90 46 4 80 36 57 66 74 47 68 34 44 87 32 99 79 2 40 19 14 39 3 7 5 71 65 88 51 
TEST 122 ARG:14 22 96 4 16 36 94 84 65 15 20 75 8 28 62 2 26 52 86 51 70 90 93 12 47 17 57 55 59 39 71 13 79 42 54 34 18 83 88 30 85 63 27 77 81 58 21 78 23 41 3 56 76 89 29 68 25 95 97 35 38 91 49 43 69 67 53 74 64 60 37 19 0 87 10 66 50 80 40 44 72 33 32 6 92 46 73 48 5 11 24 7 9 82 31 1 99 98 61 45 
TEST 123 ARG:10 34 62 66 94 6 1 33 84 79 45 12 64 27 59 76 93 65 46 47 69 9 5 11 74 13 4 87 90 25 57 73 14 54 71 72 48 52 36 16 28 20 75 99 19 39 97 0 60 98 37 8 40 88 91 92 82 43 24 18 26 21 3 56 61 41 31 58 17 38 80 23 89 81 70 86 85 95 7 29 67 68 30 83 50 53 32 77 55 51 63 49 35 42 22 2 15 44 96 78 
TEST 125 ARG:43 35 15 70 8 32 49 50 25 3 26 76 91 60 86 7 97 94 5 33 11 52 71 82 64 69 4 1 21 42 72 81 56 6 51 20 30 65 75 16 38 9 0 63 89 61 88 39 14 48 54 23 29 41 2 13 19 37 62 78 34 59 92 47 22 24 98 55 36 10 87 93 84 27 44 68 66 12 74 31 57 67 77 73 80 99 18 17 96 85 53 79 90 95 83 45 28 58 40 46 
TEST 126 ARG:19 90 84 34 47 65 22 49 59 60 53 82 51 38 57 32 31 99 10 2 46 26 85 11 42 5 77 74 20 97 50 78 87 41 12 4 18 44 16 54 15 35 73 61 1 6 56 8 45 86 25 13 30 37 67 55 68 70 88 23 71 43 95 52 62 79 27 14 66 3 28 69 9 39 40 64 33 48 91 17 24 96 80 7 72 63 36 0 29 21 58 93 75 94 92 98 81 89 76 83 
TEST 127 ARG:29 20 79 2 40 22 89 33 59 14 96 45 28 62 78 27 39 98 43 95 23 75 4 15 53 97 13 19 8 58 21 65 93 36 74 85 18 35 94 11 10 87 25 66 73 92 38 71 46 72 12 77 1 81 9 42 47 70 17 44 0 88 55 76 41 51 86 16 69 63 91 31 99 67 34 5 52 56 3 6 90 48 49 54 57 61 68 32 84 7 30 37 24 64 83 26 82 80 60 50 
TEST 128 ARG:77 14 18 16 91 12 37 49 41 51 7 71 60 64 68 32 40 47 73 99 56 78 94 92 2 6 9 42 66 31 98 0 69 53 96 58 80 22 87 26 38 29 93 17 48 15 90 88 4 46 19 75 62 89 44 82 67 63 13 25 21 79 5 74 30 28 8 50 24 33 97 39 10 45 23 83 59 36 84 86 11 95 34 54 61 35 81 65 57 55 85 27 20 76 72 52 43 70 1 3 
TEST 129 ARG:73 18 49 61 25 85 95 24 59 56 79 43 69 10 93 78 2 57 35 96 34 53 11 52 66 84 5 63 0 88 36 74 17 37 98 23 91 47 81 28 87 31 33 13 77 29 65 67 68 21 99 80 46 54 26 89 82 22 32 27 8 4 1 50 83 44 64 3 7 51 19 30 48 6 70 42 39 86 62 60 41 72 38 16 55 20 71 97 58 94 15 92 76 9 90 75 14 40 12 45 
TEST 130 ARG:78 64 51 59 41 11 12 33 73 71 99 49 61 32 85 0 44 79 13 90 74 17 42 80 31 40 66 95 35 28 24 91 47 1 5 53 22 57 62 69 63 89 23 93 27 25 92 3 97 19 88 50 7 94 21 58 26 52 76 6 54 56 38 8 65 86 98 45 77 39 48 67 81 55 96 70 14 9 37 36 60 10 87 15 46 82 29 4 68 84 43 2 75 18 72 30 83 16 20 34 
TEST 131 ARG:25 43 14 77 50 15 66 39 41 20 46 47 80 85 16 91 69 62 21 29 1 45 9 40 73 12 76 97 4 3 27 8 18 13 65 89 56 57 52 81 99 70 2 90 71 78 88 35 51 11 36 79 5 94 63 6 74 64 37 98 7 54 30 28 31 32 83 67 58 53 42 48 38 61 33 60 26 68 82 92 72 84 87 34 55 23 17 59 22 24 44 93 10 0 75 19 95 49 86 96 
TEST 132 ARG:92 48 65 96 30 28 44 15 45 50 85 56 94 11 1 63 33 69 89 59 18 10 37 60 21 93 5 79 24 64 31 90 68 26 13 6 51 27 77 14 71 54 22 38 4 88 86 32 49 84 41 74 29 12 23 40 43 47 16 52 42 39 55 67 9 34 73 25 76 98 2 70 7 61 46 62 72 81 8 99 66 58 87 20 3 78 91 82 35 57 0 97 83 53 36 95 19 80 17 75 
TEST 133 ARG:20 9 65 76 50 26 22 83 46 93 37 14 40 62 74 8 12 63 95 81 67 2 15 24 96 64 55 25 68 73 18 59 34 78 69 33 97 75 54 36 79 27 91 19 72 52 17 77 86 41 4 66 7 42 87 44 92 82 60 32 31 71 13 49 89 90 98 47 58 45 30 80 39 84 28 1 10 70 23 53 6 51 38 57 43 99 48 5 61 88 11 56 3 21 0 35 29 94 85 16 
TEST 135 ARG:6 16 49 68 79 94 85 9 91 65 25 57 56 77 21 97 87 63 20 83 0 52 43 67 19 75 40 42 4 3 93 30 29 12 71 17 14 72 38 41 10 99 46 95 90 98 64 36 48 31 55 58 69 54 7 73 11 37 27 74 1 92 80 34 51 32 86 28 59 66 84 35 76 47 89 22 62 70 24 50 13 5 45 81 39 61 44 96 60 82 33 8 26 78 15 88 18 2 23 53 
TEST 136 ARG:43 28 35 59 53 31 90 38 17 93 5 67 32 8 68 85 88 20 60 76 97 9 23 3 14 58 79 37 16 75 66 63 80 98 81 10 29 55 46 56 65 41 0 18 83 13 62 19 34 73 50 21 74 40 95 48 82 44 57 25 26 86 61 22 78 84 96 12 89 42 91 6 64 11 72 30 1 4 52 94 87 54 92 33 45 71 77 99 69 39 2 70 15 7 36 51 24 27 49 47 
TEST 137 ARG:86 69 25 2 82 89 42 55 95 98 92 36 51 14 85 65 87 70 53 80 67 12 30 72 97 71 99 39 11 26 61 96 17 79 60 46 6 35 9 56 66 57 47 21 93 62 83 7 5 18 19 23 59 88 45 10 28 43 31 94 37 20 32 49 78 24 34 75 52 73 58 3 81 15 50 33 38 22 76 63 84 27 90 64 0 77 48 16 8 54 4 29 1 40 41 13 91 74 68 44 
TEST 138 ARG:23 17 48 67 85 35 20 22 70 47 88 50 77 72 99 32 57 0 44 43 2 10 26 19 52 54 6 92 8 33 96 87 81 66 7 29 34 64 15 16 11 12 76 21 83 49 36 98 91 61 71 45 97 56 28 86 59 30 42 3 24 89 14 60 25 41 37 62 63 65 31 73 18 94 38 13 51 75 78 80 74 55 1 84 39 90 4 9 46 68 58 53 69 27 5 93 79 40 82 95 
TEST 139 ARG:52 29 96 36 92 14 70 62 73 78 46 9 22 15 32 49 63 0 27 19 55 99 40 48 42 23 67 44 65 30 57 16 61 97 86 33 35 98 21 72 13 75 90 54 31 41 37 93 59 69 7 64 39 3 94 84 4 82 71 25 91 12 87 83 60 80 34 26 74 43 56 50 79 76 51 47 68 85 1 53 6 95 77 10 8 2 58 17 28 89 81 5 11 18 66 88 45 20 24 38 
TEST 140 ARG:25 5 63 53 19 44 62 94 68 86 21 57 59 80 32 42 75 6 26 17 49 43 40 61 67 41 31 15 7 77 83 20 81 18 28 76 48 78 71 45 12 2 36 34 50 70 66 93 74 47 87 79 73 52 89 0 11 95 33 64 85 84 92 24 13 8 88 69 60 90 38 51 16 39 30 91 3 14 65 58 97 4 35 56 46 98 37 96 9 22 10 23 1 29 99 27 54 82 72 55 
TEST 141 ARG:13 11 0 2 82 88 27 19 28 58 92 47 6 61 30 31 8 21 18 45 20 34 10 73 50 96 57 42 81 17 41 91 84 59 37 24 16 46 70 97 55 9 36 98 64 23 65 32 3 39 67 69 33 38 75 56 78 5 85 99 62 83 77 71 60 93 4 68 15 29 63 94 43 89 66 44 51 52 87 12 1 72 95 76 35 79 40 90 25 80 7 74 22 49 53 54 86 26 48 14 
TEST 142 ARG:67 59 86 45 33 5 60 39 12 52 68 63 95 66 3 93 87 32 80 14 72 84 97 90 38 48 62 96 36 75 10 81 6 1 37 56 43 91 94 88 26 64 44 53 77 7 74 50 76 34 16 9 35 58 15 89 41 0 82 71 4 29 24 8 51 28 83 18 61 42 85 79 17 23 65 11 27 70 25 55 57 54 49 73 47 22 19 69 2 13 30 99 98 46 31 40 92 21 20 78 
TEST 143 ARG:57 99 71 55 33 63 85 31 68 3 98 16 48 73 30 2 76 66 61 4 54 35 93 79 25 7 17 89 47 81 67 1 26 0 11 62 87 60 9 90 28 40 34 80 27 50 49 95 75 94 42 8 10 65 14 92 46 41 53 70 13 44 91 97 69 45 21 77 19 78 83 43 82 52 6 20 58 72 29 88 64 37 12 51 18 22 24 39 74 32 38 23 56 84 36 96 59 86 15 5 
TEST 144 ARG:28 71 65 19 86 73 68 57 88 43 25 23 49 32 81 56 89 34 46 96 93 6 20 61 3 13 77 5 4 15 87 82 55 98 54 79 52 84 48 47 10 30 64 39 9 37 90 60 27 41 16 0 74 67 72 35 22 7 91 44 58 18 21 11 76 33 85 92 12 29 42 36 31 1 17 80 2 51 38 8 94 26 69 62 50 99 66 70 78 40 45 59 97 83 53 95 14 63 24 75 
TEST 145 ARG:74 56 30 69 54 6 80 78 16 37 95 94 76 32 36 68 64 48 39 8 82 58 90 10 92 79 70 63 55 86 75 98 62 31 12 42 72 59 96 88 84 9 11 57 47 26 97 18 65 25 24 2 13 44 51 83 77 93 22 87 38 17 14 15 81 71 5 28 45 40 66 29 7 50 41 27 85 61 35 0 33 19 99 21 91 49 52 43 60 89 67 73 4 1 20 46 3 53 34 23 
TEST 146 ARG:65 68 43 14 26 47 61 1 12 98 66 23 9 10 79 92 31 89 52 58 42 57 51 76 53 40 13 49 60 39 88 18 54 83 37 59 75 77 32 16 85 82 48 19 91 55 29 96 5 41 30 90 84 72 80 25 4 7 87 38 56 15 22 11 6 99 17 21 28 81 78 33 71 3 67 93 20 0 95 62 97 70 34 50 35 24 63 27 45 69 2 36 86 94 73 74 46 64 44 8 
TEST 147 ARG:64 32 15 58 74 70 18 8 94 2 59 66 90 57 61 69 1 6 17 72 37 13 31 60 29 39 42 81 21 47 11 43 55 52 25 53 22 62 77 86 67 85 68 54 51 30 50 65 0 46 96 36 75 87 49 26 45 12 88 76 41 95 91 35 3 10 19 20 98 48 40 24 28 79 44 16 99 97 73 93 84 92 27 89 23 71 34 9 56 78 83 5 82 33 7 38 14 80 63 4 
TEST 148 ARG:2 68 34 67 63 81 42 62 18 92 30 72 38 93 11 23 61 85 32 55 49 44 33 41 7 53 52 79 14 86 76 73 9 84 83 45 51 91 48 90 17 35 12 54 94 99 88 64 25 39 47 70 40 59 0 20 28 26 80 57 8 96 1 16 78 4 21 77 65 37 74 6 36 98 50 69 24 60 89 66 15 71 22 58 95 13 46 29 5 56 43 3 87 75 31 97 82 19 27 10 
TEST 149 ARG:84 19 41 1 23 81 60 94 58 98 92 70 74 16 90 47 37 69 31 50 51 33 4 7 43 87 38 86 49 32 91 3 46 0 89 64 28 17 61 67 77 79 66 10 80 99 30 15 48 96 71 13 55 24 36 68 29 27 52 9 88 95 40 44 73 72 2 42 6 97 76 93 53 62 34 12 35 65 20 83 85 82 22 75 5 54 18 56 14 26 57 11 78 45 8 21 63 25 39 59 
TEST 150 ARG:97 67 28 73 54 0 13 45 52 24 59 4 72 7 89 49 57 94 63 60 38 71 61 46 2 95 65 31 15 14 23 12 91 98 11 32 39 26 40 82 83 6 29 51 85 50 87 96 69 70 80 64 99 20 3 37 86 18 9 55 47 27 21 81 92 78 8 17 53 36 33 68 42 16 25 93 10 77 48 56 5 79 74 1 66 34 75 22 62 88 84 58 43 30 44 19 76 90 41 35 
TEST 151 ARG:2 10 57 78 93 85 88 30 91 94 8 4 42 70 33 9 1 71 65 25 43 32 15 50 46 13 51 61 82 22 20 23 21 3 19 55 26 86 7 11 36 87 16 6 75 34 96 39 67 45 14 48 66 63 47 73 41 59 92 53 77 81 24 79 18 40 35 95 83 72 76 44 99 56 62 60 37 38 29 54 58 84 97 52 27 64 17 28 5 49 0 80 74 98 69 31 90 68 89 12 
TEST 152 ARG:5 78 98 6 9 72 40 81 73 96 63 87 36 49 52 34 59 11 89 3 7 79 16 82 94 58 67 14 56 84 80 15 66 95 92 68 97 25 42 83 1 8 85 51 12 44 41 93 76 18 64 32 2 65 38 70 26 45 57 13 29 19 60 43 23 86 74 75 30 91 99 53 37 54 50 61 31 46 24 22 69 28 88 4 39 10 90 47 0 55 21 62 71 20 17 48 77 35 27 33 
TEST 153 ARG:58 13 88 49 42 11 38 90 83 48 97 95 89 61 43 57 86 72 56 55 9 77 79 98 6 71 0 36 59 25 78 23 51 28 16 46 5 99 67 66 24 68 34 63 76 47 82 3 80 60 84 41 32 69 85 17 29 50 74 91 30 92 93 15 22 33 44 31 73 35 27 96 2 1 64 52 21 62 75 65 12 18 40 14 7 8 45 87 19 10 70 94 81 37 39 26 20 54 4 53 
TEST 154 ARG:66 86 47 51 97 80 49 32 82 77 98 50 88 55 6 4 22 38 85 5 27 9 70 33 19 0 13 10 71 89 15 53 17 44 94 60 43 63 62 58 79 52 37 39 16 69 87 64 78 99 18 2 93 23 26 42 25 48 91 7 95 61 35 57 46 65 40 36 34 68 75 76 28 59 83 20 72 14 21 96 74 29 92 56 3 30 54 81 73 84 24 67 90 1 31 8 11 12 45 41 
TEST 155 ARG:17 72 69 85 99 71 66 24 16 61 1 81 73 9 92 35 33 48 29 74 46 67 78 30 82 91 49 12 0 39 58 23 51 19 27 13 86 6 87 59 76 56 62 15 94 45 83 54 88 75 53 89 65 63 68 20 57 8 70 40 80 11 5 34 79 44 42 84 31 28 43 97 77 21 93 36 22 3 10 25 18 95 50 14 60 4 38 47 55 98 32 52 41 90 26 96 7 64 2 37 
TEST 156 ARG:19 66 55 60 14 12 10 11 15 88 20 56 51 9 89 87 37 91 18 36 7 64 16 28 34 5 63 45 4 78 93 48 6 77 52 82 27 47 83 38 32 90 67 24 79 69 92 39 65 58 3 94 76 84 95 1 61 50 29 35 2 53 33 0 54 8 57 68 22 30 13 43 42 75 80 71 31 41 81 23 46 17 97 59 26 62 98 40 96 74 72 25 21 49 70 86 73 85 44 99 
TEST 157 ARG:24 95 51 76 68 98 81 11 70 38 2 14 60 96 45 90 8 58 44 3 7 16 37 23 9 65 42 34 84 32 78 73 52 79 40 36 72 39 54 30 63 19 59 13 1 62 29 94 5 4 75 83 66 46 89 15 12 93 86 53 55 35 71 57 17 69 87 85 22 92 26 43 18 82 74 61 91 27 28 56 31 50 25 97 41 6 67 77 80 20 33 49 88 47 64 99 48 21 0 10 
TEST 158 ARG:24 81 93 45 48 50 27 98 41 99 90 17 6 38 76 69 58 12 54 25 65 72 96 4 59 57 14 26 32 46 86 28 8 20 52 82 5 21 79 91 34 22 95 39 9 94 74 30 36 3 37 85 44 60 63 51 70 0 40 43 18 15 47 80 56 83 1 35 7 49 97 75 92 19 53 68 61 55 29 71 77 42 33 16 31 88 62 64 11 89 73 13 10 2 78 67 84 66 87 23 
TEST 159 ARG:93 64 47 53 33 74 4 6 92 1 57 70 96 71 78 51 15 88 46 69 23 43 24 39 63 7 89 26 90 87 82 68 94 2 20 66 85 76 0 56 17 60 14 18 50 72 77 41 42 48 81 61 67 37 73 54 91 19 99 80 44 79 97 86 98 30 31 45 40 59 52 9 34 10 27 49 36 29 8 38 62 25 35 75 83 5 22 28 65 58 32 13 16 11 95 84 12 3 55 21 
TEST 160 ARG:48 39 4 62 98 77 57 45 86 69 3 10 31 37 46 38 27 11 82 17 19 34 24 78 41 85 13 35 83 68 96 59 63 49 88 2 64 97 60 65 15 91 53 58 7 99 16 94 9 56 12 23 70 51 90 21 8 0 50 40 76 73 6 89 28 32 61 67 55 95 26 33 72 84 42 36 81 79 43 54 71 47 75 80 44 29 92 20 93 25 52 1 74 18 22 14 30 66 5 87 
TEST 161 ARG:29 49 41 85 84 78 99 7 97 59 81 17 48 62 1 20 8 19 64 37 30 18 13 3 73 12 15 96 31 2 42 75 51 58 6 69 45 82 9 61 93 86 0 50 14 46 95 27 5 91 80 74 24 98 60 36 92 4 28 66 22 56 55 25 47 43 76 83 38 77 57 94 35 67 79 70 39 87 52 68 54 44 88 63 65 53 11 10 23 40 34 33 32 71 26 90 72 16 89 21 
TEST 162 ARG:65 66 12 82 13 34 17 99 16 59 51 3 43 64 73 89 60 21 71 98 97 42 37 33 95 92 36 4 77 44 10 83 57 45 38 31 35 29 90 54 46 86 88 2 25 76 79 6 62 85 20 28 68 80 0 56 27 39 58 53 96 91 81 50 15 32 5 18 93 41 67 61 22 49 70 69 72 87 11 84 26 40 7 1 9 24 74 94 14 75 47 30 8 63 78 23 52 19 55 48 
TEST 163 ARG:63 87 73 14 62 20 88 47 41 69 18 25 36 77 43 13 12 51 34 6 75 30 59 66 50 3 2 23 22 16 17 31 19 61 40 1 90 26 89 5 70 84 24 58 54 9 55 99 74 33 4 8 76 93 78 28 60 7 53 86 35 52 85 80 0 92 96 37 44 56 83 71 39 68 21 42 91 46 49 98 10 57 81 95 97 65 11 72 29 79 27 82 45 32 38 48 67 94 64 15 
TEST 164 ARG:35 59 45 99 3 83 58 56 0 94 46 25 12 38 54 88 13 41 31 4 71 62 44 47 78 84 14 63 34 79 74 6 72 95 28 10 61 40 89 29 68 52 76 7 57 90 48 8 19 98 22 75 27 16 37 50 91 15 23 36 55 85 24 26 1 33 42 2 53 17 51 20 82 39 64 87 65 69 97 21 92 93 67 18 66 11 60 77 43 5 49 70 80 81 30 9 86 73 32 96 
TEST 165 ARG:37 41 45 20 71 14 49 46 89 43 98 38 93 90 47 35 56 11 5 3 94 1 27 91 31 69 33 48 83 4 30 88 19 23 32 75 12 86 96 9 95 73 28 44 25 39 7 80 84 81 67 0 58 85 63 72 50 64 6 22 24 26 62 8 70 68 74 61 54 76 21 15 59 57 79 78 82 42 97 60 66 92 18 36 13 99 2 17 77 10 34 53 29 55 51 65 52 87 16 40 
TEST 166 ARG:20 11 19 17 93 65 59 84 64 13 7 68 10 60 77 81 38 32 97 72 83 9 35 79 85 21 8 71 15 0 3 41 28 50 49 5 53 57 31 80 27 29 48 40 1 14 75 12 95 55 90 87 99 73 45 67 76 96 70 58 82 6 78 42 91 2 56 62 26 88 74 37 66 36 18 24 30 43 92 86 16 52 4 69 51 33 98 46 34 61 89 25 47 94 44 22 39 23 54 63 
TEST 167 ARG:23 28 7 82 79 53 18 42 39 68 41 58 21 32 74 48 55 33 38 76 46 65 90 24 37 54 29 15 17 85 13 27 59 62 34 6 10 64 78 91 0 22 43 14 96 44 69 9 35 72 95 61 84 60 31 50 86 94 5 63 57 52 97 40 45 1 98 81 19 87 47 36 83 92 71 8 20 11 51 75 3 56 99 25 67 88 49 30 77 66 2 16 26 4 70 80 89 73 12 93 
TEST 168 ARG:80 14 92 30 32 44 50 21 58 10 98 33 88 75 76 18 65 35 39 73 61 0 90 37 23 42 28 24 63 94 54 52 99 38 85 40 26 43 9 96 36 2 68 78 67 83 60 64 69 53 31 34 86 3 62 7 74 13 95 46 29 15 84 22 27 93 56 91 5 48 12 81 8 77 41 89 17 47 82 79 19 55 20 59 45 57 6 51 70 87 66 97 16 11 4 49 1 72 71 25 
TEST 169 ARG:98 93 42 54 96 79 62 20 78 5 66 81 1 10 83 37 67 53 46 63 24 80 87 8 84 56 82 94 59 99 41 58 92 95 72 77 6 21 90 43 18 75 30 9 7 45 74 49 4 48 91 64 13 60 23 69 73 85 47 28 19 2 0 61 65 29 32 12 27 16 68 33 89 34 44 51 40 14 25 38 35 11 36 86 88 15 55 22 3 97 31 50 70 17 52 57 76 26 71 39 
TEST 170 ARG:6 77 43 82 91 38 75 85 46 67 18 22 59 12 79 58 27 11 2 81 88 8 60 31 74 36 3 89 92 83 26 28 53 50 65 56 55 4 96 84 66 72 14 39 71 35 69 62 7 76 47 48 17 19 86 16 29 57 87 24 49 42 37 9 63 33 21 32 44 30 99 61 95 52 25 54 13 98 70 23 15 41 94 64 45 90 93 34 73 40 51 68 0 97 10 78 20 1 5 80 
TEST 171 ARG:12 99 51 54 43 55 72 45 77 19 1 47 36 7 82 91 26 42 34 41 10 44 66 83 18 15 24 14 50 0 93 65 31 59 62 23 98 60 90 78 92 48 70 80 11 3 71 39 84 29 52 5 9 85 30 87 13 28 94 61 68 63 67 4 27 56 69 97 17 46 35 16 57 86 40 76 73 88 2 33 89 6 96 75 8 74 58 53 64 32 79 37 38 20 95 22 25 21 81 49 
TEST 172 ARG:69 64 55 15 96 84 41 56 9 34 66 18 95 83 49 94 63 78 10 24 39 27 71 57 16 21 85 91 60 98 48 8 81 25 52 46 3 70 29 80 90 12 17 20 86 23 93 40 4 7 75 14 43 13 77 92 59 79 38 0 35 68 76 65 51 67 1 36 58 26 88 82 74 89 53 33 11 62 37 42 72 97 6 47 28 31 22 30 5 99 50 54 44 87 73 32 2 19 61 45 
TEST 173 ARG:14 76 91 49 4 22 99 85 30 12 61 74 55 71 2 41 59 46 98 25 57 26 80 72 50 38 97 0 24 77 8 27 37 5 7 52 9 48 62 19 69 47 16 21 82 54 15 32 63 20 92 96 33 3 31 81 42 10 53 1 75 17 13 44 40 90 6 64 78 67 28 66 11 95 83 34 51 36 89 79 65 93 60 73 29 43 58 35 70 84 23 88 68 86 45 94 87 39 56 18 
TEST 174 ARG:39 84 80 56 43 6 93 70 50 44 78 22 32 27 0 88 59 94 96 3 47 5 77 75 46 24 38 21 40 86 99 89 51 64 65 55 18 31 29 35 87 7 41 90 48 85 72 97 36 10 30 54 91 1 13 98 92 61 58 66 42 73 14 12 16 4 11 2 76 20 68 25 67 34 19 63 9 8 74 71 37 53 83 26 82 52 17 57 49 69 45 81 33 95 79 62 15 60 28 23 
TEST 175 ARG:27 91 8 13 21 60 4 16 44 46 30 18 53 45 1 58 26 59 6 20 54 19 68 34 42 80 28 35 96 14 82 9 65 47 2 50 43 56 86 11 76 31 29 75 25 70 52 85 79 40 51 98 69 3 37 38 84 0 83 15 41 93 49 99 77 95 24 67 48 39 61 94 66 7 5 23 87 97 90 64 89 57 33 73 74 10 71 72 32 36 78 62 88 55 63 81 17 12 22 92 
TEST 176 ARG:51 48 78 87 84 6 72 43 7 67 97 38 92 0 95 57 59 17 71 3 69 98 27 90 77 5 94 47 62 89 33 37 18 61 29 83 75 16 45 79 88 68 14 10 12 41 36 34 35 76 30 4 13 9 31 11 74 70 22 60 46 2 23 42 21 64 1 28 86 80 49 82 40 15 26 99 20 54 85 44 25 8 55 53 81 65 91 63 52 96 32 24 50 66 56 93 19 58 39 73 
TEST 177 ARG:86 23 88 32 51 3 7 48 55 24 85 10 78 83 41 82 29 45 98 80 44 35 33 73 71 43 25 39 69 19 70 47 53 9 15 87 26 58 49 63 11 40 54 42 95 22 17 28 20 74 84 77 52 57 61 36 89 93 72 65 90 66 27 5 21 30 56 99 94 1 0 97 16 46 6 38 76 81 75 37 60 8 50 62 4 34 67 14 59 64 2 18 79 13 96 91 12 68 31 92 
TEST 178 ARG:82 50 64 65 76 17 1 57 35 40 23 78 44 98 5 73 90 39 29 97 54 80 53 49 3 46 86 99 38 61 4 24 37 21 56 62 94 0 16 75 43 87 25 67 28 95 10 85 15 27 12 20 91 26 58 51 66 22 71 6 7 69 79 84 68 74 63 96 81 52 32 19 48 8 2 31 83 88 18 45 70 33 59 60 9 42 89 93 14 41 11 13 77 47 36 34 92 72 55 30 
TEST 179 ARG:29 6 12 40 69 10 42 88 60 89 8 47 37 5 24 62 59 79 77 7 30 16 33 19 20 86 36 65 23 13 72 52 64 39 49 11 1 34 83 96 44 31 61 85 9 71 32 57 56 14 46 53 66 22 70 3 4 67 63 93 18 58 74 43 21 82 26 87 97 55 48 84 50 2 95 51 45 99 15 0 54 38 35 25 78 68 28 80 98 27 41 73 17 92 75 94 90 91 81 76 
TEST 180 ARG:84 0 57 17 36 96 95 72 51 62 26 67 78 3 91 47 28 16 98 65 43 39 25 15 7 99 29 41 56 13 37 21 8 93 53 32 27 44 92 10 82 12 33 24 61 46 38 86 85 42 58 89 55 83 81 5 71 48 4 9 50 97 64 80 2 75 66 94 35 23 74 90 77 18 45 87 69 49 30 22 79 70 52 54 20 31 1 34 6 19 73 68 40 88 60 76 63 14 11 59 
TEST 181 ARG:99 65 23 63 45 34 96 64 11 22 1 69 98 70 51 97 84 56 81 76 92 37 9 89 29 62 30 55 53 10 77 4 16 49 36 66 61 15 38 3 35 21 90 80 95 33 19 59 48 20 41 7 71 27 28 82 32 42 47 58 46 79 12 67 18 44 83 57 40 86 85 50 2 68 54 39 8 17 93 73 5 52 26 88 78 72 25 74 94 0 75 14 24 60 13 31 91 6 87 43 
TEST 182 ARG:35 40 56 77 50 66 92 79 95 41 46 70 51 43 80 42 96 20 25 82 76 94 99 4 47 32 48 62 7 17 23 73 21 22 98 27 97 29 89 0 86 37 60 53 8 26 88 28 18 19 2 49 39 36 16 1 13 65 33 85 44 81 87 72 57 12 90 54 11 78 68 58 61 71 93 34 63 31 6 67 75 45 91 74 55 24 69 5 52 84 9 83 38 3 15 59 10 64 14 30 
TEST 183 ARG:63 47 25 3 8 48 83 6 19 67 42 55 1 84 16 91 40 59 29 78 34 7 2 30 33 68 41 69 18 58 93 56 36 65 44 46 0 39 74 98 43 77 5 80 32 76 89 61 82 13 60 70 17 71 15 14 57 87 85 45 10 54 31 66 99 23 20 4 52 50 62 26 92 22 21 73 88 81 11 12 90 37 86 49 51 27 28 64 75 53 24 97 35 72 38 79 96 95 9 94 
TEST 184 ARG:54 28 5 11 7 13 92 86 93 70 44 98 61 83 64 36 23 82 30 77 3 91 73 95 85 62 75 35 49 57 38 51 17 94 79 27 56 74 97 84 39 2 14 69 33 80 21 45 71 55 68 12 8 29 18 58 48 1 63 10 0 37 50 76 52 41 24 46 40 31 65 43 6 4 99 19 9 72 90 32 89 53 22 26 16 78 34 47 42 60 20 15 81 66 67 59 25 88 96 87 
TEST 185 ARG:64 99 82 83 24 39 94 20 11 50 92 1 67 46 57 27 15 4 90 85 6 0 87 35 73 10 72 81 63 70 54 17 18 23 9 48 3 8 44 38 61 28 32 95 21 37 30 60 52 5 31 19 14 58 80 65 59 69 76 49 84 75 42 51 74 33 97 62 56 96 29 71 88 53 45 68 77 78 12 41 55 7 22 26 34 43 93 16 66 40 98 86 89 79 13 25 36 91 2 47 
TEST 186 ARG:36 20 18 39 4 51 41 62 80 33 52 17 29 28 57 2 9 43 54 75 5 99 89 91 58 70 40 46 67 49 72 66 3 90 31 87 68 83 63 48 38 64 30 21 98 42 13 32 1 93 7 8 44 60 82 76 78 79 14 26 53 97 24 94 74 69 61 10 96 27 45 6 19 95 56 15 65 12 50 0 23 84 71 55 11 86 73 25 88 85 34 81 22 59 16 47 35 92 77 37 
TEST 187 ARG:46 40 75 62 49 83 0 99 26 16 59 27 82 66 55 45 81 84 6 35 19 57 97 67 4 86 17 80 77 10 36 79 56 20 8 18 15 52 88 69 25 76 85 44 2 96 34 68 72 74 50 89 42 58 33 14 7 91 51 64 73 29 71 70 38 98 28 93 60 61 9 95 37 53 32 13 22 48 24 87 5 11 78 41 31 47 43 3 1 65 63 54 21 30 94 39 90 23 12 92 
TEST 188 ARG:88 89 50 18 31 21 17 51 52 85 84 68 9 4 43 90 70 2 60 34 76 91 24 56 59 66 7 25 33 3 26 71 39 14 67 93 41 5 77 28 10 81 38 47 11 0 95 53 64 13 86 55 22 19 79 20 80 78 1 36 48 92 65 46 6 96 98 27 58 62 44 16 35 29 87 54 61 12 82 30 75 99 57 37 97 73 45 42 15 94 40 63 8 74 23 72 32 49 69 83 
TEST 189 ARG:50 76 88 84 11 96 69 18 64 82 14 62 35 9 15 70 28 25 2 78 74 41 33 38 21 54 71 12 47 81 4 20 34 60 22 44 31 77 39 68 27 46 1 42 5 7 8 24 10 91 90 58 17 3 45 30 40 56 86 26 23 29 73 93 66 87 94 97 75 55 52 72 89 85 51 80 79 95 57 43 83 36 92 13 32 48 37 67 61 53 49 65 59 99 63 16 6 0 98 19 
TEST 190 ARG:60 55 17 92 59 90 63 72 62 39 32 80 69 15 5 67 25 30 31 10 98 73 8 93 51 28 6 27 54 58 68 34 85 26 4 12 57 97 36 14 38 23 33 56 52 79 3 50 42 95 64 74 0 78 88 44 49 75 86 22 41 81 53 89 65 77 37 7 18 9 47 2 19 87 94 70 29 82 71 91 20 99 48 24 83 96 84 16 66 13 43 45 21 46 1 61 35 40 76 11 
TEST 191 ARG:61 15 24 14 94 65 75 35 55 82 37 39 81 27 50 89 59 33 46 90 16 72 48 19 80 21 96 87 32 95 43 66 9 51 3 73 10 69 64 20 29 0 98 2 47 77 97 68 60 25 7 28 63 99 17 13 62 86 4 88 83 57 38 45 34 79 92 76 56 30 22 26 23 70 74 52 58 40 67 44 1 18 36 31 71 8 53 6 93 11 12 41 91 84 42 54 5 49 85 78 
TEST 192 ARG:55 64 35 48 1 88 74 63 67 56 83 78 24 8 51 94 93 76 12 59 77 31 42 34 99 61 96 97 10 47 68 32 53 4 50 70 13 36 27 28 16 80 25 5 21 85 69 11 89 20 91 75 87 17 3 2 37 98 14 45 86 6 52 79 65 18 54 90 82 84 22 29 72 30 46 40 95 58 39 43 19 57 15 0 73 33 92 38 9 44 60 23 7 66 26 71 62 81 41 49 
TEST 193 ARG:28 99 98 21 27 58 11 44 67 1 18 59 70 93 66 69 13 56 23 7 77 88 85 65 29 25 5 24 89 61 68 71 52 83 75 92 16 60 6 31 53 8 2 51 55 96 9 35 0 91 10 26 19 57 62 78 64 30 41 17 40 34 38 48 20 22 81 37 73 39 97 76 32 46 63 45 50 36 84 72 94 42 49 87 4 43 54 14 82 80 33 86 3 15 47 12 74 79 90 95 
TEST 194 ARG:35 81 99 72 52 33 93 54 28 56 13 88 44 19 29 7 12 25 68 90 14 20 41 55 66 79 42 65 78 92 0 47 1 30 22 51 71 91 23 62 75 58 82 87 27 10 17 69 77 64 43 32 89 39 36 11 45 18 9 5 50 16 80 15 37 31 8 21 60 84 86 94 83 74 46 24 34 2 38 3 70 96 49 63 6 4 59 95 40 85 73 57 26 76 53 98 61 48 97 67 
TEST 195 ARG:57 80 2 74 99 43 29 39 50 41 66 60 7 87 81 62 6 49 28 38 27 44 17 53 65 24 37 21 84 73 32 85 86 19 58 78 47 11 79 64 54 83 94 63 1 93 52 10 4 15 91 51 95 5 42 45 18 33 3 67 92 82 40 20 75 16 22 61 13 0 76 88 70 26 71 46 48 34 9 31 89 69 36 12 97 98 59 68 56 96 25 90 14 72 77 35 55 8 23 30 
TEST 196 ARG:28 68 94 43 46 19 21 97 66 84 23 22 51 44 2 45 37 78 12 15 88 35 61 0 34 76 86 20 25 75 55 90 3 71 82 62 52 33 4 38 98 26 18 80 47 58 59 79 70 9 92 27 7 72 85 60 83 10 50 87 16 77 36 67 74 49 65 8 39 30 29 91 99 89 64 31 57 54 69 41 17 81 63 5 11 14 56 42 53 6 95 13 40 1 96 24 93 73 32 48 
TEST 197 ARG:70 89 2 25 20 96 42 24 44 92 16 43 86 36 40 14 98 48 58 31 37 22 77 94 82 76 11 99 12 55 23 8 60 6 38 61 17 30 65 9 95 7 91 51 74 78 10 26 79 59 39 45 72 18 68 28 46 69 93 35 13 47 80 49 66 81 19 52 32 1 64 71 84 54 56 33 67 29 0 90 75 27 62 41 57 87 63 97 3 4 15 88 21 50 5 85 34 73 83 53 
TEST 198 ARG:28 88 64 33 2 41 21 93 24 48 20 36 89 66 92 43 27 53 42 81 71 55 85 3 1 39 32 68 34 51 11 65 82 38 40 26 96 12 78 45 76 22 95 35 7 86 80 72 46 87 54 37 70 98 77 47 16 31 74 57 97 58 94 4 56 52 5 90 0 44 17 9 75 25 49 91 73 8 30 60 62 63 23 83 59 67 50 79 14 19 29 99 18 84 61 15 6 10 13 69 
TEST 199 ARG:18 19 60 22 53 41 96 56 63 23 33 48 38 70 27 46 95 92 5 7 37 86 16 28 43 83 25 42 4 79 90 10 81 1 69 58 84 8 78 30 2 26 54 98 44 80 59 55 62 97 89 61 9 24 32 73 82 72 15 29 85 74 51 6 57 14 67 13 17 50 68 88 34 64 31 93 75 0 65 20 45 40 77 71 87 3 47 52 11 94 36 39 12 99 66 21 76 35 91 49 
TEST 200 ARG:17 47 58 71 11 25 23 78 76 27 66 2 95 14 81 22 12 93 70 30 68 90 63 54 48 75 35 38 59 32 15 45 87 8 36 64 10 88 80 67 33 82 89 62 29 96 56 55 53 98 57 83 84 6 99 31 86 97 40 41 37 18 85 9 69 73 49 91 24 52 61 51 77 79 42 19 0 5 43 7 21 1 92 46 34 74 44 39 50 13 65 28 26 94 60 4 3 72 20 16 
TEST 201 ARG:44 61 77 84 80 46 14 12 89 63 39 2 70 86 6 83 75 51 23 94 71 97 95 31 72 76 11 56 62 49 4 82 19 57 5 52 25 10 99 34 92 60 41 55 7 88 85 66 38 43 67 8 0 50 28 90 1 69 81 93 78 79 9 65 53 24 42 98 87 58 59 45 33 40 30 13 96 32 26 18 64 3 22 68 91 17 29 36 37 47 74 35 21 15 16 27 20 54 73 48 
Multiple size <= 500
TEST 1 ARG:112 -61 27 -32 74 206 190 -104 141 7 -70 -231 -125 -188 105 34 1 109 33 201 4 176 -80 -139 116 -11 -216 142 -202 -117 -233 12 -229 -43 -171 -108 -198 209 -183 -173 21 212 -193 57 6 -175 150 -42 -129 235 162 -116 -51 238 146 80 95 -207 39 -148 -181 -28 149 -114 25 171 -195 -204 158 202 -232 -100 -144 8 151 -236 -55 157 210 -157 -124 -135 178 -69 -88 -245 -120 -249 -41 -168 101 20 180 160 -86 59 47 -235 227 -103 -13 -30 42 86 232 79 130 29 -197 -15 -210 -178 221 -99 82 -200 -127 -149 135 -141 81 -5 119 193 104 216 -174 -250 -237 -160 -192 121 71 122 164 -238 22 -2 144 -205 -98 185 31 172 -196 14 46 230 83 -66 143 60 -71 -138 43 102 -39 -190 11 168 -154 -49 222 247 -17 44 -186 211 68 -4 199 -167 241 -246 -40 191 148 -209 -226 -194 54 -134 -176 -34 123 45 90 -156 38 -59 -241 75 -199 118 -90 215 -91 -215 181 177 -214 -58 41 -191 208 -102 -38 225 229 -185 187 -146 -169 98 -177 236 194 244 218 -145 167 154 -248 140 234 -162 -189 115 231 -130 196 174 179 -9 -52 48 -36 -95 73 -27 -211 -74 -170 155 -132 -118 56 -85 -93 -35 -172 -63 89 -24 246 -20 -22 -19 110 -78 -107 2 -26 -212 -126 -136 175 -97 153 69 134 217 62 223 -64 -142 -155 170 10 -14 -101 91 -179 -242 72 23 -94 15 189 103 -140 113 136 -208 -201 -122 242 -113 -50 58 156 -21 -81 120 -37 63 92 -92 88 139 248 188 67 -23 205 233 159 -220 -54 184 -165 76 -8 -83 -106 -47 70 -218 -128 224 -239 -1 97 237 165 195 13 213 -25 183 -73 124 203 -223 -7 239 138 -3 40 -147 26 36 -227 -158 85 -82 -96 -112 65 -150 -225 243 145 -16 -182 114 129 -44 -53 198 163 -234 -79 -230 126 152 -84 173 30 53 18 200 147 -161 5 16 125 -206 3 100 127 107 182 -77 -12 -243 161 -57 -143 -166 -67 61 -29 169 -247 219 -115 -152 -137 -72 166 19 78 -133 214 -105 64 32 249 106 226 -224 9 84 87 -45 -159 -62 -203 -219 204 -89 -76 52 50 24 -221 -56 192 -75 0 -60 131 240 -109 197 -164 49 132 -87 93 -111 66 133 111 220 -217 -119 -121 -184 37 -65 28 -163 -10 94 -46 -180 -31 -240 -48 -123 245 -68 -222 -110 -6 51 -33 -244 -18 108 77 -187 117 99 207 128 -213 137 -131 -228 96 -153 228 35 -151 55 186 17 
TEST 2 ARG:-152 -194 -177 -179 -156 -226 121 41 9 -89 -88 -42 123 -94 -137 130 -13 74 12 -141 -103 24 113 29 164 -30 238 -41 212 -18 136 147 98 37 -125 -244 219 -132 56 31 242 109 -178 204 -74 21 -193 128 -130 -118 39 174 -220 214 63 -116 -218 44 -233 84 -142 19 111 36 -1 -80 -84 -31 -92 45 -79 -114 -175 143 16 146 -99 226 -122 82 184 197 -97 118 -215 -44 94 58 -11 249 8 175 153 -219 68 -22 -168 189 196 47 -95 132 55 -154 -153 -123 138 -221 -56 149 -76 199 193 115 -93 -186 34 -145 145 -67 160 5 195 -190 -133 241 245 142 137 13 -143 -14 76 -128 -230 -187 198 -181 223 -170 168 154 117 60 18 -165 -3 88 -75 127 -66 188 157 -228 131 -8 49 215 -248 -54 114 -135 -134 165 -28 -33 187 26 120 6 148 66 -223 -146 170 46 -138 7 -183 -140 -87 -176 11 2 -206 96 -172 -241 -249 169 239 -62 172 -91 91 -64 90 -240 -246 4 -216 217 1 180 -5 -144 -214 -236 125 71 -126 235 -82 166 -155 122 -96 163 134 -108 140 -105 -9 53 -212 105 151 0 40 -81 -4 -12 225 220 -164 22 -237 -115 51 89 183 -106 -47 -231 159 190 -189 -234 177 186 -121 218 -37 -55 -26 -104 243 -43 -247 59 162 -197 -60 -209 227 112 -131 103 73 -68 200 75 244 156 -61 64 50 69 57 229 -222 -111 -38 179 -98 48 -159 -196 93 -72 211 -149 -50 3 42 -25 -112 -150 -6 106 203 87 231 -160 61 35 124 -78 72 -207 -227 116 171 -49 -46 -16 -109 100 155 236 182 -107 10 -85 110 79 -229 -204 213 -148 99 173 158 -2 126 141 205 -36 43 -173 -198 232 161 52 201 -174 -208 221 -211 -40 -59 -29 -191 -73 135 70 194 -127 -180 181 240 -23 150 15 38 -52 -243 25 224 28 -102 178 86 -166 167 -48 -199 -195 104 209 54 -169 97 -120 246 102 -53 -205 129 20 -185 -158 -203 191 228 -161 233 67 -7 -77 -70 -110 23 -10 -202 230 210 108 -147 -200 202 77 222 -232 185 152 234 -69 -245 139 17 216 85 83 -235 -167 -90 -51 107 30 -15 133 -117 -119 -86 -100 -239 -210 176 -157 -71 -35 -27 192 95 -101 14 -224 -113 -58 27 -171 206 -162 -20 -136 247 -225 -24 92 -201 -182 80 -19 -151 -57 -242 248 33 -129 101 32 -124 62 -21 65 -63 -32 -213 207 -217 -45 81 -139 -250 -163 208 -184 -65 -83 -238 -192 -188 78 144 -39 -17 119 237 -34 
TEST 3 ARG:-46 -172 -231 7 -184 63 21 -151 227 -141 -248 -209 212 -144 135 230 -122 59 -19 5 164 -169 89 224 236 -15 154 34 -201 -114 -159 -11 179 56 -62 85 150 -190 -228 124 204 19 6 75 186 -137 -223 -226 -55 62 0 -187 20 100 122 -91 94 -56 93 -4 -224 47 86 -206 144 -88 210 139 201 -153 55 29 15 209 -110 -92 160 73 -173 -100 -247 -7 -93 58 215 -80 -59 66 -203 241 -108 156 -126 171 -84 114 -117 8 91 -125 -123 119 39 -145 -202 -163 184 248 -218 -210 18 118 -130 -5 140 -214 -242 23 239 -129 -244 146 41 -50 -39 219 134 246 -216 133 -121 185 42 -12 220 182 128 130 180 -38 163 158 -147 -241 131 -54 27 -156 88 51 4 28 193 54 12 30 -58 79 223 165 67 192 -207 138 161 99 -196 175 10 -105 190 -154 -70 -229 -33 -94 115 -20 142 112 111 78 -245 -240 -233 -127 -47 46 -107 71 116 -48 -238 -9 -40 70 32 -68 196 -24 -204 -95 -18 -227 81 44 169 -215 -246 -237 96 -116 -162 -164 -66 -45 -115 -16 -160 -139 25 206 -112 -182 -198 33 97 74 -192 -175 147 181 -41 155 38 -194 -140 -230 145 153 -3 -51 208 -199 65 126 -61 194 43 152 -64 -220 87 187 -132 -167 129 235 -155 -73 -124 -150 -32 37 -22 24 174 120 35 109 240 -234 -205 -69 229 -186 -128 -236 -119 2 83 -86 151 234 92 -34 -120 -181 -149 107 -21 173 98 216 26 -131 -243 -53 225 -97 170 -174 -133 -57 -96 48 103 -111 -102 45 199 -8 -136 -13 90 69 -49 213 200 -213 -71 137 -222 40 -42 11 -6 14 -23 -148 9 226 148 -10 102 178 205 244 -235 245 -81 177 -75 188 108 -98 60 -72 -185 -138 162 189 211 157 202 -35 110 31 57 -89 237 -176 -103 -90 172 76 61 -65 -78 242 64 218 -168 -189 77 -77 143 -30 197 -104 243 -178 -197 -211 -113 -52 -180 49 247 -14 16 191 166 3 -1 -188 159 -208 222 -26 101 -212 -221 -27 232 -63 183 -134 198 -60 13 -177 -28 214 80 -193 -43 -239 -166 -36 221 1 207 -85 -232 176 -146 -225 82 203 68 -82 84 -161 -179 52 -109 123 121 -171 167 117 132 -170 -142 22 53 -99 17 127 -143 -165 -44 -135 -217 104 -25 -29 228 -76 -79 -17 238 -249 -191 233 125 -101 136 -158 195 231 -118 -74 50 -195 105 249 -200 -157 149 141 -106 217 -83 -152 95 -2 168 -183 -219 36 -87 -250 113 -31 72 -67 106 -37 
TEST 4 ARG:102 -43 232 -105 106 -21 -165 53 157 227 -232 -150 220 113 81 -82 141 234 200 -159 55 69 -116 -1 32 139 -180 131 -45 128 -222 -135 154 -141 166 -250 85 -119 194 -123 77 -6 -182 -148 -162 -5 107 -137 -70 243 179 90 89 -60 -13 161 75 -173 -146 -95 199 -158 -110 31 -210 0 -155 -87 -129 -90 192 -37 -194 -69 19 181 168 54 224 -230 -112 208 5 -130 28 9 214 165 135 6 -41 -36 -192 -133 -248 -125 155 -58 -190 132 -154 30 -126 -28 -189 -30 79 100 207 149 -8 15 -221 170 56 52 -163 -76 239 171 -10 -29 -212 218 121 117 -56 -68 -38 -18 127 57 94 16 196 -209 233 -22 -4 172 -219 -244 -27 2 180 -34 -53 38 148 61 144 -80 195 153 -40 134 -93 -72 167 -175 -128 -14 -77 -132 -55 -19 -239 108 119 186 138 -94 122 -191 -62 -63 -115 88 240 -79 -44 140 -223 109 228 -89 204 -224 187 -242 -225 -229 -213 -85 -25 244 -39 -246 125 160 190 64 26 58 182 145 84 221 3 -64 7 87 -201 -237 -3 -108 65 -214 -78 -207 17 40 -47 -9 -199 142 24 -122 201 29 188 164 76 46 178 -247 -88 -236 -181 -249 -161 99 -138 -99 146 147 45 -170 59 -97 -235 -143 152 -46 -7 -218 -49 49 -23 -120 71 93 -81 51 8 -231 123 205 197 -184 158 -245 209 -226 -103 82 -35 -195 -227 222 -106 21 -134 206 223 104 120 -75 156 191 -113 -206 13 150 -51 211 -139 -84 34 169 62 12 -48 -243 219 -208 217 -101 116 -57 -61 -203 20 -234 -174 -149 91 -15 247 126 -54 14 50 43 103 97 74 -238 245 101 -166 133 -187 -172 -147 -20 -197 246 41 -216 -33 42 4 66 -73 33 -160 151 -65 173 -144 -204 -98 39 -228 177 -151 -96 73 112 -178 -12 -104 229 -233 -66 -200 -102 231 212 -71 -142 237 162 -240 118 111 10 48 27 -198 95 -131 176 -205 238 -111 23 -11 136 -17 1 163 63 226 -202 -167 -156 11 80 -136 242 -83 68 -177 -186 105 -32 -91 183 -152 175 -168 -24 -109 -100 -118 83 230 -107 70 -92 -121 193 22 -2 216 -67 -52 86 -157 159 -50 67 143 37 -145 114 110 72 -26 -193 -211 184 -196 225 -183 -16 185 -31 -217 78 241 202 -117 -86 129 235 47 210 -114 115 213 -171 44 -220 -74 96 137 -185 -215 -140 189 -179 -124 25 203 -153 -176 215 -169 174 -164 -188 -42 130 98 248 124 -241 198 35 -127 -59 18 36 92 236 249 60 
TEST 5 ARG:15 -175 237 47 -53 -197 215 -233 7 -27 141 -40 21 9 207 -2 -135 217 -148 186 -193 -67 -240 -68 -75 60 227 112 31 120 -94 -244 -32 -229 83 -60 8 -231 32 -178 199 -238 135 -151 125 240 96 -128 -200 -90 244 197 -119 66 -170 -95 137 148 93 -123 -14 105 182 18 169 143 -141 -100 241 249 111 234 90 226 -165 -13 -42 109 229 -246 128 104 78 5 -191 12 -218 127 206 -243 -236 -234 -112 196 -72 -46 -171 -54 151 146 23 -23 198 -142 13 187 -63 -247 247 142 134 213 -109 38 136 -102 189 -18 -201 -221 -8 94 149 87 -10 -232 -66 139 75 208 -187 59 -182 -56 81 99 -48 55 100 150 -150 -211 -98 230 180 -195 33 -209 -134 63 46 -58 -205 24 -87 -190 -185 -137 204 82 -93 19 -74 1 95 173 160 124 130 -50 -230 -99 -223 -12 -16 -101 243 -181 -184 -203 48 222 98 178 156 181 -213 221 89 -162 159 -133 -225 -237 -120 88 14 -127 84 -167 -61 27 -7 -9 -226 216 86 239 -57 231 42 -117 200 106 -115 102 -38 49 -47 -107 79 -169 122 -215 245 85 155 223 73 -37 -212 11 -222 -241 92 -43 -159 -189 233 190 40 -177 -62 210 2 -113 116 108 -104 -228 -49 -214 -248 4 54 -71 -91 -30 -202 165 -121 172 171 -235 175 140 110 28 -145 26 170 -110 129 179 -59 -83 193 132 97 153 -196 91 -106 -1 3 -45 -82 -103 188 220 225 114 -84 -210 -174 -92 219 192 -19 248 147 35 69 -28 16 -3 107 50 -11 161 236 -89 44 -245 34 194 133 -176 -36 61 126 -35 -194 -52 -138 214 235 -55 -44 -4 -242 -122 211 202 -186 -33 167 -144 -126 -97 191 115 162 -51 -216 -179 117 113 -86 -131 118 228 -114 166 -149 152 242 103 71 -34 -206 -239 -41 201 62 -125 -153 76 -219 -96 246 -227 -31 -130 -250 -160 -111 6 -164 -108 45 -140 0 168 -105 224 -6 -217 -168 -80 20 -21 -136 57 232 30 70 -79 -65 58 10 -172 -124 -147 -192 -183 -180 195 203 56 53 52 -26 25 -78 77 138 -70 80 -64 -69 -88 157 154 -132 -220 -76 29 -81 144 -157 -161 164 64 121 145 209 74 36 -199 -158 51 -173 -146 218 -154 -39 -15 183 177 -139 -207 123 -143 -152 39 185 -198 119 -24 184 72 67 -208 212 -17 37 176 -118 -20 -163 -156 -188 -166 41 158 163 -77 238 65 22 -25 68 -129 -204 -249 -29 205 -22 174 -224 -73 -5 17 -85 -116 131 101 43 -155 
TEST 6 ARG:39 165 112 -243 -155 -31 45 -37 120 222 -104 64 -202 126 217 -55 -30 63 174 182 -225 70 142 -157 91 5 -143 123 83 -119 133 229 175 111 128 103 132 -54 37 198 55 244 -87 -170 -142 220 28 -129 -1 -238 -46 -230 -247 -188 205 -35 -185 109 130 -75 137 23 -9 151 234 -236 71 -73 -17 -239 -125 162 46 -226 -134 -130 -154 69 237 -158 -80 -184 161 -240 -19 -201 -217 -172 179 -113 78 176 9 -173 88 -223 73 -118 -194 153 -244 -2 11 -41 27 13 94 231 243 238 -208 245 149 87 -246 -13 163 10 -174 102 -199 168 225 -120 12 -16 -102 110 -60 171 4 223 84 -162 145 72 214 31 96 -76 215 -224 -84 -56 60 -105 -20 79 -10 -183 26 -116 100 201 232 -114 121 50 -63 210 -12 164 43 -205 -209 -221 30 -140 -215 57 150 -99 117 -167 159 191 -214 -231 127 -207 -11 -152 -137 233 -34 173 -191 249 21 3 2 44 -7 42 -24 -58 17 62 147 213 138 -141 -43 -93 1 -165 113 204 -161 -6 -27 226 -57 -48 -132 -242 135 158 -26 -166 -106 219 38 -124 203 14 -83 -176 188 -71 -126 -5 41 -52 -45 194 209 -92 106 156 -233 -145 -235 185 -89 228 -193 36 -53 144 -103 -59 -67 157 -123 -98 -179 180 -77 187 -88 240 -147 -135 196 -4 143 166 -149 86 184 -39 -150 66 177 -200 146 -190 -115 -68 221 -169 -97 61 183 186 95 140 -139 33 25 -133 -196 0 -72 77 116 80 206 -182 -192 6 199 -175 -131 -211 -109 -234 40 139 216 -23 -78 -128 90 -64 -29 81 105 89 167 18 15 -232 236 246 155 235 92 47 -117 -81 -222 195 -127 53 -49 -218 202 193 75 239 -50 -25 125 -121 189 122 49 -22 -189 -228 22 -36 114 8 118 7 82 107 154 -51 152 -66 -178 20 99 -151 -138 -40 -203 -248 104 -186 -110 -82 -28 -107 -101 -95 -47 -32 129 -241 -181 85 101 -177 -70 211 -15 56 190 172 -136 68 248 -18 19 170 -171 -206 -180 247 35 -250 58 230 178 98 -144 -100 -216 124 -212 -122 -219 -91 -168 -86 115 207 32 54 -85 97 -195 -237 -245 169 -42 52 -227 -90 65 -111 -62 108 -94 76 -108 136 -65 -197 -3 224 212 -21 131 -204 16 200 -33 -213 -164 119 48 24 197 34 -96 160 59 -61 -229 134 -249 -163 141 -198 192 -148 -160 -187 218 -159 -8 93 227 -156 181 -79 -153 29 -220 67 51 -112 -146 208 242 -69 241 148 -74 -44 74 -210 -38 -14 
TEST 7 ARG:28 61 -18 107 -64 228 -48 188 8 159 -117 -198 224 89 -248 236 207 212 54 -165 -33 111 217 218 -206 171 149 93 -239 245 209 138 234 -201 -223 22 168 118 135 -167 153 -105 -147 -39 151 -172 63 -84 -65 -54 9 -111 208 130 85 -154 180 -51 -92 129 2 60 38 -187 177 -191 82 -115 -215 -27 187 237 -118 -99 225 -78 246 -63 -226 94 -195 -61 91 -205 23 -244 160 -210 -36 214 -183 -125 -40 -80 79 -202 50 -188 -245 108 -219 67 6 -114 -241 -145 -46 -126 152 -6 132 105 84 -37 -123 -130 29 -69 -151 -38 -235 80 34 155 19 173 189 -75 -211 204 92 -82 -135 -185 242 194 36 -249 -162 10 -73 74 249 -96 70 -35 -14 -53 -89 -194 185 97 -87 -174 45 -102 102 -62 -186 -199 -8 1 211 59 190 -21 -212 -176 -9 -121 186 -101 -181 121 197 99 172 -97 198 -28 -106 37 -140 48 126 233 -22 47 -67 -159 -168 -146 -193 114 40 195 210 226 -98 223 42 -236 -157 -220 -232 -24 71 240 -224 -1 77 -246 -231 202 203 55 247 244 -209 -171 68 3 -108 213 -42 145 -208 43 -30 103 5 104 239 -229 -152 20 72 -234 -79 49 174 -116 -83 -71 -109 25 134 -104 164 248 122 -3 56 32 -149 -158 46 -203 241 66 117 -136 -50 131 158 -5 7 -49 -29 205 -110 -57 -2 -70 -34 206 -217 141 13 -222 -76 -169 -218 51 87 -214 65 -95 15 161 -150 18 -161 112 169 235 183 227 -237 193 -26 -31 148 196 -59 178 243 -43 86 -122 -86 -240 -128 -228 -113 24 -213 62 14 -81 110 -58 -148 154 -144 127 140 120 -94 73 64 -55 -74 109 -138 -216 -179 116 -72 81 199 26 150 16 75 137 191 231 139 -189 -141 144 44 181 -23 -204 -233 -190 176 133 57 -163 0 -13 157 147 88 -207 115 142 -85 -12 -127 52 123 -164 -17 -221 21 106 -44 -200 -143 -112 -134 -129 -103 -225 -68 -124 -242 -238 35 96 69 -182 179 175 238 17 -131 201 -15 229 -142 -60 156 163 90 -184 -156 119 -7 -166 -120 76 12 125 11 -119 -133 166 -155 -88 222 -41 27 167 113 -93 -32 136 -52 -177 -11 -25 -45 143 100 -77 230 78 124 95 -90 -196 -47 200 41 39 31 -139 -170 128 146 165 -153 -197 215 219 184 -4 58 216 53 -20 -175 170 30 -66 192 -107 4 83 -227 182 -56 -91 -19 162 -132 -250 -100 -10 221 -178 -160 33 -243 101 -230 98 -173 232 -247 220 -137 -192 -16 -180 
TEST 8 ARG:132 -206 -1 72 -144 202 -216 161 157 -192 -175 -140 -215 151 176 -17 34 22 113 -76 -9 -70 247 207 -126 -43 239 163 208 16 -233 223 -146 41 88 -239 43 189 221 -235 -44 204 3 -208 -230 -120 -204 123 -7 -172 -99 194 184 -185 42 -62 217 109 108 -244 48 -100 -196 -90 121 4 67 230 -218 188 -221 111 -134 -64 -116 -213 -60 -141 199 5 209 210 118 46 192 -53 -157 122 47 61 197 214 186 124 -115 -136 85 -232 -178 40 59 -13 -156 -107 -96 -182 -113 -47 -137 -147 170 51 63 243 227 56 -155 234 9 99 26 -160 -238 142 93 112 174 -247 101 1 225 -118 -128 226 -173 50 248 -80 -114 66 185 21 128 193 -106 143 -40 -37 -81 -50 -220 -122 103 -91 129 130 23 -14 246 -103 12 -148 201 -35 237 102 -94 25 149 -93 242 68 -211 -12 -191 -24 -16 -193 -97 -29 -83 -82 62 164 -52 232 137 131 -39 -55 -188 -79 71 -242 92 45 120 150 -69 -170 168 57 -135 213 153 190 -28 -198 240 24 30 94 -249 -171 -54 -241 229 181 73 -132 148 35 -167 -219 -129 -163 216 -18 187 -66 -240 -63 -139 233 -234 106 -33 139 -98 105 -161 -168 249 -195 -162 -95 -158 116 206 -127 136 -124 -20 -61 175 -105 -231 -131 165 -15 -228 78 200 96 -159 -250 -19 -11 -205 -121 -86 -248 -110 33 7 -117 231 28 173 -224 158 -166 -151 65 224 127 -152 156 -246 -181 -84 87 191 -85 -130 -169 -32 -143 60 241 79 75 154 145 -176 -212 -203 -197 95 -165 238 -87 -38 115 -46 27 -27 -51 219 -237 119 11 -150 146 104 -101 -209 20 196 -200 8 -226 172 -58 -5 -88 19 -223 -201 54 98 -186 178 245 -180 77 140 -59 195 -48 212 82 -154 -75 -31 -119 179 -30 180 74 49 -202 -3 -89 -112 36 126 44 97 -74 38 -243 155 -174 -104 -187 69 203 -78 90 -56 -8 13 15 166 -6 -133 -72 -217 177 17 -184 39 52 198 0 -199 147 14 125 211 81 -138 -194 -102 86 183 144 -153 133 -23 -189 -149 -123 32 -92 -34 -190 236 -77 -229 -65 -4 -45 -183 117 55 53 -21 -71 58 -41 -214 -222 110 76 6 135 235 -67 167 162 138 29 -73 171 -108 114 -26 91 -207 -142 37 89 -10 152 -42 -125 -177 -25 -145 -164 169 -22 134 222 -225 228 -49 -210 -68 182 107 83 100 220 205 141 -36 215 218 2 244 -109 64 -227 160 31 159 -111 -179 -2 70 84 -57 18 80 -245 -236 10 
TEST 9 ARG:-177 52 -171 -138 234 166 119 207 123 -118 68 -243 184 203 -241 -43 79 -148 13 -99 -44 143 -65 16 -167 41 -73 194 32 168 -217 221 133 38 -120 -98 92 -22 110 165 -12 -77 -45 248 96 -131 178 245 -40 136 169 200 21 23 238 74 -109 65 197 171 -23 -162 -190 22 -33 -123 -186 -41 -2 240 57 -136 -56 -69 153 128 -71 -182 15 44 20 -117 -133 140 -125 156 -80 132 98 -221 40 105 -78 -205 18 -206 172 181 182 47 116 66 28 -38 -128 122 -187 -129 -142 86 63 -239 33 -204 -202 -81 120 135 12 -189 -36 -227 -66 -199 -210 26 -197 109 -126 -84 -200 -51 163 -203 -185 75 195 189 62 -248 235 152 -139 3 -224 -110 -116 85 -214 209 -159 100 217 84 -17 230 -160 130 11 -89 30 180 228 201 -11 196 71 -228 -164 244 106 -230 90 70 -124 -42 157 174 127 223 -86 193 -208 46 227 -67 170 -168 -72 102 -114 61 87 -50 -5 78 -82 199 -52 6 17 -24 -29 233 103 155 -140 -231 99 -155 -141 -64 -150 -105 -154 2 37 149 -178 -235 -250 -119 139 -48 117 -74 -20 134 -147 154 -93 242 129 -179 -8 -102 -213 -87 29 -146 177 176 -122 -55 -37 236 -143 -15 186 69 125 -90 53 -106 150 19 -39 48 34 55 -4 -174 -188 76 192 121 202 -79 -94 247 239 59 -107 -121 -13 -19 93 -92 -242 167 -54 115 -191 -91 -219 24 -246 -244 4 108 -163 -10 -75 159 -6 -21 81 -216 -46 118 -16 -181 -104 94 -96 -249 142 179 -237 -166 -25 27 -209 -68 -26 -14 206 67 0 -207 -3 -157 -53 -149 58 1 222 -222 9 112 208 215 91 151 -194 -144 8 -31 -57 97 82 146 113 -95 -215 -101 14 -137 31 -180 -196 36 88 -135 5 -233 111 187 -49 -232 191 -158 54 -35 -83 -34 51 -76 -28 -60 -170 73 -234 147 -183 43 164 213 -226 72 -236 -175 107 -103 141 237 124 -223 89 -132 226 218 205 -1 -195 -225 183 231 104 175 80 210 -58 -108 -192 -161 -62 -240 137 204 -30 -27 -172 229 77 249 -127 64 232 -9 50 -247 -145 160 7 145 241 190 39 -100 -153 -229 -18 -7 -173 212 83 211 114 220 198 -112 216 -32 45 131 219 -111 -113 246 188 -85 158 -211 49 144 -88 -152 -134 -184 -220 60 -176 -59 101 -156 -218 10 -130 173 -61 -198 225 126 185 42 -151 -245 -115 -70 -47 56 -63 -238 224 -212 162 148 243 -165 -201 161 -97 25 214 -193 35 95 138 -169 
TEST 10 ARG:10 -30 113 144 160 -67 220 -109 26 -211 -248 139 -145 77 -37 110 -195 155 105 -202 87 -100 161 -203 -15 176 6 30 109 -52 76 -57 -226 56 128 169 228 -228 191 229 57 -155 193 223 -206 104 234 -97 -24 20 -62 48 134 -164 -21 -111 -124 235 102 245 54 -171 -134 222 -217 -69 147 -197 209 199 9 -41 -121 -119 -247 115 -73 -60 -127 154 -122 137 -187 210 -92 -4 -181 237 99 -5 178 52 -87 -244 -159 -158 -237 202 -96 -28 -204 37 -137 -85 -239 -156 -35 -231 69 -71 221 -205 -78 153 208 97 186 3 129 -189 179 112 -212 166 -200 53 -49 126 46 -199 217 116 121 125 83 -63 -6 -234 -232 -95 200 120 -18 225 1 231 171 -64 158 -222 -79 47 -180 78 18 0 188 -129 196 123 106 -70 14 89 -12 -55 -7 35 59 -215 -143 185 140 -153 -43 24 12 -11 135 -80 -230 -128 130 -139 -84 80 -125 68 -225 -22 -3 -178 74 -213 241 -76 -188 -233 22 182 107 205 -150 236 127 40 -160 15 248 -185 172 141 218 -220 143 247 -235 -174 -140 16 173 43 -27 -163 190 -179 162 86 -9 -177 36 165 203 183 -224 -19 4 204 62 82 -243 238 -90 -29 70 61 239 114 227 142 118 13 -170 159 -126 -219 157 -186 -86 224 -88 -250 -116 33 81 11 187 73 5 -165 226 -249 75 -214 84 168 -183 23 151 32 -17 -236 42 -56 119 -48 93 -2 -14 28 19 246 150 -113 -33 148 192 -16 117 -166 66 -182 55 58 -176 -141 -132 -118 167 -193 29 -104 -152 79 216 -133 -42 38 -147 67 242 -13 -46 214 -81 -154 -172 34 -223 -114 -91 -245 44 -103 -117 -32 31 -149 64 240 184 -198 -107 71 243 100 91 -135 -72 232 195 -138 -68 -151 -161 215 -229 -51 -50 21 136 96 -34 -93 -77 -208 92 -58 138 -45 -157 -169 -66 -61 -192 63 -207 -65 213 25 -31 -194 111 95 244 -94 189 197 -10 -54 -53 49 122 132 -241 198 -175 156 -105 -1 101 -148 -108 -146 -130 -136 94 206 7 72 -39 -190 -8 -221 212 27 181 50 124 133 -142 177 -201 -162 -20 41 211 131 249 -168 -240 170 -227 152 2 -196 -167 8 145 -74 -120 51 146 -23 -89 60 -75 -102 -25 103 201 175 -112 88 85 -191 -106 108 174 149 -38 -44 -59 98 65 -209 -82 45 -36 219 -99 -173 -101 39 -40 230 163 -131 -115 -98 -218 -144 194 -83 -123 -246 -47 -184 17 -216 207 -210 233 180 -110 -242 -238 90 -26 164 
TEST 11 ARG:-90 93 -218 -122 -113 182 60 -128 44 -210 98 -144 -121 28 -243 -76 -44 123 30 -212 195 -91 -77 -112 -219 -17 100 -191 -33 88 211 231 99 -179 -82 -28 -38 -67 129 -62 -156 -55 -105 193 -6 165 41 -141 155 -135 -50 197 5 134 85 -47 240 122 -116 222 -147 192 49 -3 36 -237 -111 118 114 -173 0 -209 -57 -223 244 -53 142 -127 -145 151 121 -201 228 213 120 -205 -192 24 -163 -118 -170 161 117 -149 -183 -199 -34 73 68 224 19 -224 235 32 -29 184 -137 58 -200 106 -32 -204 94 -185 -16 91 -123 -189 12 74 199 13 -63 -69 227 -142 147 -172 -13 80 246 157 174 111 239 -139 124 7 202 -9 116 -178 125 -182 66 54 -1 -165 183 -120 -117 -227 -81 9 150 69 -124 -64 -131 96 -79 107 145 45 -241 -59 48 131 -83 -246 -39 -132 102 -234 -49 25 -151 -232 90 -8 -125 -222 -157 -24 -78 143 -225 -188 -84 57 -10 -42 -229 158 -130 -159 -158 11 241 -27 26 -181 154 248 10 245 -193 -202 -56 86 65 -85 -196 -52 128 194 164 185 -171 -247 61 215 -37 82 14 219 31 173 -15 207 22 175 71 -92 216 171 -119 -73 -221 176 -108 206 137 217 138 -36 139 -166 140 -244 -134 212 -70 -250 35 -167 188 -72 221 75 180 130 -114 -66 -45 8 -136 21 104 -19 -153 242 -97 186 200 -22 81 -195 196 -143 198 -140 6 -14 209 -35 -115 201 -46 214 78 133 233 -21 -54 -176 27 -102 -168 -12 76 156 -162 -26 -190 113 -11 220 119 190 -7 29 110 15 -60 -110 -174 -154 126 43 -164 89 135 -236 -75 229 205 225 -51 -58 -89 243 -160 -99 -220 208 38 -71 191 -228 4 -61 -96 -169 141 -148 232 -80 -126 1 -216 -249 -103 -231 109 159 18 23 162 234 238 127 -207 92 46 105 70 148 -48 20 115 59 -106 47 -226 72 -240 -217 77 -98 -23 112 63 247 103 -43 -235 136 -93 -41 55 -101 -206 -5 64 -40 178 87 95 -2 172 50 -18 187 -152 -197 177 160 -233 236 146 152 179 42 237 -155 -175 -25 223 -109 -184 33 40 83 168 -95 -194 -150 -208 -248 -177 -30 -161 -87 37 -203 -238 -31 101 -242 -94 166 144 34 230 181 203 -180 97 149 16 -213 -65 -100 -198 153 210 62 218 2 108 39 -129 163 -187 204 79 -68 -107 -239 51 189 169 -20 -74 -104 -211 167 53 67 -138 -146 3 -4 226 132 249 170 17 -133 -88 -245 -186 -86 52 -230 -214 -215 84 56 
TEST 12 ARG:-174 26 140 2 -157 -247 -212 59 -179 238 -73 53 -35 106 -214 -83 61 -61 22 -175 -65 -162 -103 -231 -96 25 -156 -148 124 178 -48 -60 -185 195 17 181 217 -114 175 -6 -109 28 168 23 -245 184 -184 222 -224 158 45 -239 -43 -246 200 -31 21 104 -7 40 42 187 -16 246 89 -22 -208 -226 43 -68 164 -197 -111 -228 -64 -210 -20 -236 -52 98 -138 -71 -203 210 138 194 113 147 -205 216 239 -93 -10 -124 -145 191 93 -84 -186 132 150 159 27 247 -33 -122 -42 135 39 -56 -29 -112 49 -21 235 48 199 -153 212 -234 -70 121 144 -189 95 -131 -238 -80 31 12 -91 -13 -66 -133 51 20 -55 1 123 -102 243 107 -90 189 70 -57 77 221 167 -108 -62 209 46 -244 142 172 -97 -178 103 -177 -193 -202 -172 -152 -85 -198 -49 190 -82 111 -127 220 65 240 244 -183 -95 131 96 122 196 35 -118 -139 68 102 80 -222 38 -126 44 -69 -225 236 -163 -173 34 119 15 229 163 -78 -132 88 -110 -136 -41 -5 -150 223 30 -215 99 -30 -211 225 101 -200 71 149 66 -176 58 153 -28 -151 208 57 -187 -51 179 -181 62 -128 185 105 183 206 -155 -194 154 94 -216 -72 -101 -25 37 -39 193 -192 156 -159 -47 -167 -233 118 242 52 -143 227 -54 87 -188 -59 11 134 -58 110 -149 69 -119 -248 -106 -242 205 36 -243 -190 -12 8 -45 72 -104 50 -34 -74 -168 -105 29 -15 141 -180 -9 -227 117 -27 -199 -76 -1 151 165 129 47 218 -201 100 54 3 114 -86 -135 -89 -218 112 180 -170 237 -237 116 228 202 176 188 -169 4 90 -154 81 224 -232 -195 -46 79 73 -141 18 219 74 -37 -67 -220 174 -24 192 127 -63 -250 -213 -235 -140 -14 -44 -75 204 -229 -130 -100 -107 -221 182 -161 -182 5 6 -206 137 145 213 -240 -117 203 -142 214 -204 91 136 -53 171 198 -165 -120 148 -8 -36 41 -166 230 -116 -129 -87 -160 248 130 133 152 -209 -26 63 16 -241 -92 13 146 170 -19 -230 0 109 -113 -32 128 162 7 249 -134 143 55 160 -94 84 64 -171 10 -115 -158 -137 108 32 215 115 -3 -17 186 -50 155 -144 9 232 126 233 231 125 234 60 24 78 -99 120 -88 -81 -98 166 139 -38 161 83 -2 173 -4 -40 14 75 33 177 201 169 -147 86 245 97 207 197 -249 -164 -217 157 67 -207 56 -146 211 -196 -11 82 -219 -79 -121 -18 85 -123 226 19 -125 241 -191 -223 76 -23 92 -77 
TEST 13 ARG:-112 -180 188 153 156 -104 146 -52 81 -244 77 -214 -45 111 -250 46 162 211 106 90 -12 -169 115 -155 -26 197 187 -68 71 -144 -245 8 132 -130 30 -59 203 227 152 62 29 -111 -167 -125 143 -213 -79 -1 68 -128 -70 -117 179 117 -198 -194 -134 -106 -105 -197 -212 39 186 0 208 -164 -239 -131 -206 226 150 69 -220 -223 247 -36 108 -5 92 50 -55 44 147 20 175 -91 -51 125 76 -217 -34 -94 -133 137 239 214 -67 27 -221 142 -89 -157 -22 158 -219 101 -78 -82 22 -84 -165 36 -143 41 -8 -96 215 -136 -86 -114 193 -249 105 104 -60 118 57 236 -127 213 135 -123 -177 -172 -66 109 189 97 191 126 -193 237 -116 -18 195 -184 -9 -100 -242 -47 -209 171 -73 47 -39 23 -145 91 183 -101 37 -146 228 -3 9 -122 -230 225 -233 151 -109 161 102 -30 194 -154 -211 93 -93 -81 222 207 -186 160 74 -95 201 87 -27 -192 -196 198 -76 -20 243 145 -14 -176 131 107 -121 229 -153 75 -159 -42 178 79 13 242 185 199 174 -7 -149 -173 -92 -224 -90 10 129 -71 -62 100 89 112 -200 38 -10 113 130 -53 -38 241 -32 -69 223 -80 73 164 -110 -37 -21 209 85 -108 -98 -222 154 52 -238 -166 -185 -216 120 234 -19 1 190 116 64 3 -58 -151 123 17 -16 -163 14 221 21 -83 59 -215 220 -17 244 -175 157 168 -229 173 16 -141 32 94 -49 -201 -87 -162 -115 -179 180 80 -205 -119 170 -13 -118 121 -182 -40 148 45 54 127 -147 -227 4 -138 -61 26 248 78 18 134 224 82 -140 -24 34 -56 -235 -65 60 -137 11 -248 217 -63 48 210 140 28 -207 139 245 24 -208 124 84 231 -148 -218 -231 200 155 -243 -241 204 -152 -64 -204 5 65 -85 -4 -113 99 232 119 -129 212 -41 53 2 -181 240 -190 49 -234 40 43 -33 83 -103 -199 -246 -183 -57 141 63 110 246 196 167 128 -97 6 -226 -236 149 -161 163 7 103 -139 88 35 172 33 -31 202 -225 -188 -29 144 184 182 -124 -203 -28 -72 -50 233 -195 -102 -189 15 -191 95 -88 58 159 192 -126 -150 136 -25 66 177 25 -15 -11 206 238 -74 96 219 98 122 181 -156 67 -171 -2 51 114 205 55 -48 138 19 -240 -120 -202 235 -170 -77 -132 -174 176 -237 218 -35 -6 -178 -210 -23 249 -99 -46 -168 166 230 165 -107 61 -160 42 70 72 -43 12 216 -247 133 -135 -44 -187 -232 -75 -228 -54 86 -142 169 31 56 -158 
TEST 14 ARG:-77 233 96 -17 2 -203 -10 125 47 9 176 -238 -32 -87 124 44 -8 -11 -127 -190 220 32 -25 -245 238 -94 159 56 -241 34 36 7 187 60 -48 -145 -153 -115 89 -107 194 -56 -170 13 -34 204 249 31 86 -99 -51 18 188 -220 -239 58 -69 -44 246 14 -215 -12 -165 131 143 -16 177 6 144 126 -197 26 230 79 -36 209 -61 178 -67 -167 167 -64 94 -229 84 -158 -6 20 -196 3 136 -209 -174 122 -42 -227 -15 83 -240 -84 -81 180 196 108 -70 99 -233 -52 -247 42 81 228 -162 -57 -93 -199 -118 -168 -120 8 -66 97 -79 22 -37 -195 -65 72 173 208 -92 239 51 -176 195 -98 182 -90 76 -236 234 37 165 127 214 148 12 171 53 -112 -140 -23 185 203 147 -188 -19 -147 -39 -9 197 -26 -33 112 -228 132 15 183 -208 181 -50 -164 -242 64 -104 -1 -114 -221 223 78 192 46 129 17 105 245 -223 231 141 247 -129 -5 -156 43 -248 -163 -235 -97 156 74 -183 212 -205 -102 -72 -217 -45 -135 -3 216 45 65 -234 92 -194 -159 107 -31 -68 30 -130 28 137 151 -110 69 -88 40 -206 -123 163 -4 -53 -149 25 54 -103 -122 -85 168 -213 38 59 -141 -108 -91 73 19 -18 0 -237 200 115 193 114 229 -207 4 -30 226 -211 166 -198 -178 -155 121 -172 162 103 154 -83 -181 119 -143 -62 77 161 -184 -161 -218 205 -177 -73 67 82 41 -202 91 -95 90 -243 -76 -29 -7 -225 -106 -55 -230 191 55 152 -171 -128 237 -134 -111 186 -13 -40 100 -105 -219 -117 61 169 206 -150 -214 179 -100 219 241 -21 207 -185 -173 170 139 117 -20 155 -54 -186 150 172 5 -182 -224 -244 80 123 -160 -193 16 248 235 210 -142 211 199 -212 116 -169 -59 -137 -89 23 52 184 -116 50 142 -28 71 -14 -58 202 101 -71 -189 217 130 -192 -96 87 -46 222 27 -232 -35 -2 -80 113 232 145 -38 -124 -131 -210 153 -151 88 -121 63 -75 -27 215 134 -49 174 29 -132 -180 -157 57 -187 -113 198 93 243 1 -154 221 68 -136 128 -200 35 -201 -24 -74 -126 242 -226 -60 236 -175 227 224 146 102 33 -249 213 -148 39 -144 164 -78 218 -246 -146 111 70 201 104 -138 11 85 106 49 244 120 240 21 158 75 -166 -43 118 -125 -216 -139 190 133 62 24 160 -82 110 -191 109 -133 -179 140 -204 157 -119 -41 95 175 -22 -63 -222 -101 149 -86 138 -250 135 48 -47 189 10 98 66 -109 -152 225 -231 
TEST 15 ARG:-154 131 145 -56 -245 -61 119 -2 -134 -95 -102 151 -158 83 -211 11 155 150 -45 86 209 -113 239 112 56 236 -174 -76 -187 58 -124 73 -170 220 -122 -115 -175 34 111 -20 -80 -220 -217 -63 222 -50 190 79 -92 187 117 24 128 -103 113 162 228 32 -117 249 -40 -89 97 20 12 -69 -15 -145 70 -29 184 -90 170 80 -23 94 -43 243 -83 -144 -149 -146 -16 42 149 -78 193 -197 142 -199 66 152 198 -179 -42 41 67 -183 -139 -159 50 133 -82 -168 -25 -14 -48 -152 25 202 106 -140 207 72 -216 52 -81 -49 38 125 -176 -177 -111 -238 29 141 103 -180 -22 -10 177 -234 76 -173 200 154 -203 -58 -200 221 -34 -227 -12 174 114 245 -131 102 0 -6 -143 46 -35 127 -160 -157 201 -223 244 -52 85 -248 -148 -125 57 -98 -105 -27 65 -118 7 -212 160 -88 81 -194 217 -188 -205 -100 -249 92 225 224 218 28 -239 -8 48 -112 116 136 -11 77 -166 -106 -247 -213 122 130 18 234 101 232 -224 16 -60 115 88 43 109 104 63 -240 -4 212 33 6 189 19 -182 -244 89 -30 -19 214 -250 166 191 121 195 206 -66 68 -193 241 165 176 231 37 -208 -142 -198 167 17 -101 -55 90 100 75 -147 129 110 -129 -230 93 -195 -225 -47 175 -209 -91 -241 108 -39 -201 -110 15 27 -178 135 226 158 -214 99 -1 23 -51 -13 -186 30 -137 124 -242 22 188 -202 -150 47 180 205 246 -222 194 -38 -210 223 26 -185 -84 211 -169 -85 53 182 140 40 -17 -136 95 -33 60 -121 156 -172 -70 -65 -231 173 126 -133 49 -107 -62 -87 169 233 183 -232 -246 -196 219 204 213 203 138 -153 -73 87 161 74 181 -155 118 -9 91 -109 186 -132 -28 134 -93 139 -165 -162 238 2 -18 45 -7 98 -79 -57 185 -94 64 -5 -141 -237 4 62 -228 -236 -221 199 31 54 -53 44 21 -68 -163 -116 120 -37 132 210 148 248 -206 10 -31 -204 153 82 230 123 -226 -119 -127 -243 192 -54 39 -191 -207 5 -46 -86 -138 242 8 51 216 -135 171 71 -26 -161 59 -229 -74 -3 -44 -67 78 -96 36 -59 9 -184 147 96 -75 -104 -171 -156 84 -41 237 -77 -72 -97 -120 -21 55 -64 -164 157 -215 179 146 61 196 144 -192 163 -99 168 13 -189 69 3 -123 -235 247 172 -181 208 35 107 137 -36 178 -108 -233 159 -190 164 -130 -114 -219 -126 143 14 -151 240 227 -24 235 -128 1 215 -32 -218 229 105 -71 -167 197 
TEST 16 ARG:40 235 200 162 -79 41 34 -232 97 -116 -166 165 21 -195 23 -214 -169 -171 -92 -129 -138 191 212 52 -213 -94 -83 -148 -174 -145 133 -152 -159 8 -63 126 54 -50 128 45 -207 157 -80 -114 -173 49 95 109 203 -126 113 -218 6 -217 -28 -178 81 -120 111 -245 -68 134 149 193 24 77 -224 9 -89 -34 -107 -176 22 -5 -53 68 -136 232 -162 73 230 -154 -184 100 127 196 234 174 -25 58 114 -128 221 -90 143 -20 -55 86 -64 -76 108 85 202 -130 240 201 -197 173 -250 107 -105 -11 -87 -143 44 -45 27 103 5 96 -38 136 229 -62 -131 135 -57 118 168 -155 -66 195 233 120 247 -199 -78 147 152 70 -158 -133 -12 190 92 53 197 116 122 -32 18 87 -118 36 35 -75 -170 194 -6 93 -132 -241 148 -242 244 88 -238 -227 -234 -22 -188 -163 -27 -201 -210 69 -67 -240 223 -113 139 -193 -247 -103 -19 225 72 218 57 -71 15 -215 242 158 160 177 -54 -93 239 -182 -65 123 -172 -225 -122 -8 -88 -37 -46 -81 51 112 -61 -60 -160 -117 -82 28 145 -140 3 20 -186 142 94 -4 76 -168 -48 -16 -167 -69 213 -146 241 -249 -86 -52 78 -72 -30 -125 249 -244 -211 -97 -228 -3 -59 -98 150 -14 -230 -198 214 163 37 110 -95 220 7 -239 167 -91 90 243 -31 217 65 -119 246 91 206 -150 180 -18 32 -115 14 60 131 205 216 -124 106 -17 25 26 130 -56 30 -102 48 50 -194 -153 -21 56 -101 -141 -10 71 101 -9 -26 64 119 -208 75 -139 13 47 175 -127 210 -246 -187 11 39 10 16 -85 117 207 -121 -183 -212 -164 -200 226 209 -42 59 -23 189 184 140 236 146 4 -185 164 187 -177 98 99 176 -235 -237 -137 192 -96 125 121 199 -206 -223 19 198 183 -108 -135 83 -51 -226 -106 -196 -70 -24 -190 166 222 188 159 170 42 178 55 0 102 -175 -7 -147 61 -41 172 185 -220 132 67 -181 33 129 224 179 248 -221 -13 -77 -203 237 -156 124 156 245 219 -104 151 171 -161 -222 -47 227 -233 -44 228 169 181 161 -205 -134 -74 208 -248 204 89 -180 144 -43 -29 -36 141 -236 211 -204 -179 215 -219 104 62 -40 -35 79 -165 -144 -109 -231 -142 -189 -157 -151 -209 -39 31 63 -111 238 -15 -112 186 -229 2 182 105 82 -123 38 -100 43 -110 12 -73 -33 154 -202 46 -58 -191 153 -216 137 -49 -1 231 115 -149 17 -192 -2 138 -99 80 74 66 84 29 -243 -84 1 155 
TEST 17 ARG:-42 -52 41 -146 186 223 240 234 -231 -96 -212 73 -196 -13 -39 -123 197 111 -35 120 -197 -203 80 134 6 123 -155 -103 -48 218 30 -247 196 97 94 -56 189 -88 35 192 131 104 -22 -65 227 9 -107 235 -2 246 -165 -12 -38 193 -83 -23 -208 15 13 91 65 -100 -43 -102 -137 184 -166 154 2 160 -89 -6 -54 230 26 194 24 -16 -27 171 -245 -99 -195 -18 110 75 64 -25 93 -190 202 137 -241 200 -186 213 -151 -239 -109 -21 153 102 29 117 167 162 -36 -120 -152 182 -154 146 -57 105 185 -244 28 -218 -200 119 99 -118 220 55 -24 44 -185 -210 -124 -169 -207 -216 -104 -132 -158 144 83 69 -40 -167 -179 148 -7 90 -53 183 -20 89 63 39 157 -147 207 106 128 -237 20 96 -142 -122 -227 156 66 -30 -211 -91 115 161 163 -232 -130 206 33 -116 187 -126 208 -168 229 62 0 172 -101 -131 85 -95 139 118 81 38 107 224 3 -222 -28 -163 112 -246 -92 45 49 150 190 -145 -205 116 -221 126 -141 -233 210 57 108 165 61 -14 43 -157 121 -73 -127 -215 149 -229 -114 195 170 -174 -72 -164 -50 56 127 -143 181 -144 142 -5 205 -94 -97 -228 228 -75 147 244 -87 67 74 -84 101 -125 -61 37 -82 -242 -176 -44 -15 -175 130 36 79 59 -117 -90 -11 -172 -213 -29 -226 -223 8 -173 188 138 -234 -187 -148 68 169 -159 -49 136 -236 -225 -46 40 10 215 242 -162 199 27 247 -10 -180 -55 58 214 201 60 -178 -194 -51 -219 51 221 124 245 -58 -26 -47 -70 23 -250 -199 54 21 76 16 -108 -110 71 25 155 176 34 152 -170 -249 175 141 -113 7 140 -3 31 243 173 177 -217 52 -45 -192 -68 114 -66 32 -182 231 -74 42 226 92 -161 -9 -41 -106 47 216 14 100 -243 225 -140 -240 238 -31 -206 -193 98 87 11 178 151 180 135 -230 209 -248 -76 -224 82 125 -112 -171 219 203 78 -156 -128 129 -37 -1 159 -133 248 -64 -17 -189 -191 50 -188 -214 -238 -115 -183 19 164 -139 -69 113 -220 -153 103 -135 -209 217 168 -136 -33 241 212 174 233 -79 -181 18 -150 -184 70 48 179 88 -160 -138 -235 133 191 77 -121 143 122 12 86 249 132 145 158 -63 5 -202 -77 -67 -4 -59 109 -78 4 -149 -86 95 -98 239 -204 1 -198 84 -60 204 -111 -177 -62 -19 -32 72 166 46 -71 17 -105 -129 232 -119 198 -81 211 -8 -201 -85 -34 236 237 222 22 -134 -80 53 -93 
TEST 18 ARG:145 -146 184 2 -168 -199 -57 62 126 63 80 -165 -28 -39 171 -108 -109 -241 -195 195 228 35 206 -114 177 134 132 66 -229 -156 216 88 222 -210 -180 238 197 -78 -51 -115 4 196 72 140 211 38 -87 16 -230 -226 -127 209 153 180 226 -198 94 -201 166 19 56 -80 189 175 101 -224 -32 25 -200 91 -211 -121 -35 133 -4 -104 -144 -48 -183 231 29 -231 -99 124 -213 223 141 -129 150 218 -150 31 158 -171 247 -88 147 -67 5 -223 55 -15 -65 -34 106 -74 -21 -177 -69 199 -91 -119 -49 32 79 -7 87 -222 -61 84 -138 115 152 -191 154 18 122 20 237 -112 34 -122 0 -214 -45 -42 98 249 -16 221 -202 -206 -186 -62 -209 -20 -173 -147 234 -178 -9 95 -110 26 -46 -228 -60 -194 167 185 163 168 67 -19 -192 157 -59 -237 -22 -225 -43 -33 170 27 49 -6 -70 -131 -117 -140 -100 -79 86 78 236 12 239 224 176 225 109 58 -155 162 -93 -189 -23 -71 -137 -77 113 242 229 183 75 103 83 220 -52 146 -8 76 -185 -103 -50 -246 -25 22 47 -102 -120 241 30 174 137 193 -135 -172 69 192 -227 -3 179 -2 204 164 -17 43 151 -151 207 73 213 136 -162 -216 68 205 -158 52 142 -196 -29 -217 -152 -89 -66 105 -240 129 117 -105 240 -101 -41 -245 198 9 -212 -64 -181 161 -44 -118 93 -53 -205 82 -234 -203 201 214 -235 187 -221 -208 -107 96 156 245 -30 118 135 -176 244 60 -169 -125 127 97 -179 -36 -14 -190 -95 -175 41 -63 138 -123 -218 -154 6 90 208 -170 -167 110 1 212 169 -37 -128 119 -10 -136 -184 70 194 235 -242 121 -106 155 85 24 203 102 -250 40 -90 -76 -86 -72 77 217 112 10 188 200 -148 -83 -1 74 243 -111 -139 108 21 -98 130 -204 -143 48 45 50 120 -236 -31 -58 -193 -187 159 104 42 -132 -85 -38 219 190 202 -249 89 123 99 139 -142 -238 39 15 191 -153 46 233 111 57 -12 14 248 -5 -11 -124 -97 114 -149 -26 173 181 227 13 116 144 131 23 53 -182 -113 65 81 -233 246 -232 37 -130 -207 59 -27 -157 -248 149 -159 17 -141 -40 -145 -163 -166 -81 -54 -160 178 54 -215 -244 64 -47 -96 -174 -134 92 232 -239 143 230 -219 107 186 61 28 128 -126 -55 160 -18 8 -188 -94 -84 -13 -24 -92 -73 100 3 182 148 -220 -82 172 210 -197 165 -247 51 -56 -164 215 -133 -116 36 125 -161 -75 44 71 -68 33 7 11 -243 
TEST 19 ARG:-185 -42 168 -4 61 -164 -93 -141 -99 248 114 -17 179 -189 243 97 230 -238 244 -92 54 90 -127 -118 241 -80 -154 -228 123 -196 -84 131 -133 127 -225 151 -224 -20 -19 166 77 -130 -192 57 -108 -34 -16 -223 -71 -193 165 219 -52 -161 -209 -114 188 -102 144 109 195 -128 -61 162 136 -218 -41 33 74 -166 8 -176 191 -148 -23 184 -51 -82 -49 87 161 29 -105 20 19 -101 194 -124 88 226 75 9 64 193 72 -139 83 215 -57 15 43 -90 214 66 -86 -95 158 6 -66 -169 -168 -234 12 -85 -35 31 -62 81 120 -216 -15 -204 156 134 -73 -241 -53 -200 11 190 170 211 -113 -79 -208 104 -206 -129 163 117 -250 -44 231 65 239 -140 186 -54 157 -87 140 -149 -47 14 -153 -69 218 199 164 154 23 150 59 110 229 -201 175 118 238 124 181 -12 26 -143 197 -91 -205 93 -40 -197 -48 62 -6 -167 0 79 -199 -229 153 -159 58 -59 1 -98 -244 -94 212 -207 177 -123 -138 73 -28 249 -103 -177 187 107 -232 27 -144 25 47 -222 174 129 28 205 -7 94 99 -230 121 70 185 -72 -83 -249 200 -146 -194 -119 -173 222 224 89 44 68 -217 98 -147 159 67 -220 -115 -213 24 -30 84 -32 132 -104 223 60 242 91 86 52 -120 234 -109 167 -163 143 139 35 146 -227 -46 39 232 -174 137 -198 -235 -63 138 -45 126 189 246 10 -100 3 171 -151 -221 -97 42 -75 -68 -226 -21 53 78 -243 -9 55 182 -231 4 45 -65 208 36 -70 -165 32 -77 152 -202 -182 217 -242 -122 -110 -58 -181 -158 -184 13 -214 198 173 -155 201 -43 -106 113 169 216 245 235 76 115 -210 -183 -170 69 92 40 82 48 16 202 102 -245 -152 -131 -64 -74 141 -88 -172 34 51 96 183 22 -135 125 -219 -237 -186 148 -25 130 -150 149 -112 160 -126 -78 -18 71 -179 240 85 -1 237 196 -157 -239 192 -236 21 -175 -203 -60 -180 176 122 30 -22 -50 111 209 -117 233 -107 -37 5 -246 -67 -134 50 206 -11 -121 -24 80 -178 227 -125 128 -27 147 221 133 -233 -212 203 -39 -96 -211 -76 -116 -31 -3 -14 41 -55 49 108 220 116 -36 105 -171 247 204 -137 46 135 -247 -188 106 -145 -89 -8 -10 103 -13 -2 228 210 95 -38 145 155 -191 56 2 37 -187 142 172 38 -160 -56 -190 -162 -142 119 -29 -195 -26 -132 213 -33 -81 -240 7 17 63 -5 225 -156 236 180 100 -248 -111 18 112 -136 -215 178 207 101 
TEST 20 ARG:-35 202 74 17 192 102 125 145 85 -112 95 -120 235 35 -48 78 -51 62 150 -213 242 -159 -181 152 201 -206 107 -212 -166 -242 -177 168 -229 75 238 -135 220 214 136 -146 -221 -164 88 194 -23 53 153 -76 4 246 -202 109 51 -103 116 117 -238 -150 90 65 176 203 -118 -2 -1 239 -84 -13 -222 -185 -99 204 173 98 -124 18 167 -203 15 6 24 -224 228 99 -97 122 -95 -53 -197 154 -215 215 -204 -87 -210 237 -207 100 43 34 -67 19 -228 121 -167 -21 -209 11 23 -93 -30 55 -4 169 -75 -126 223 86 -121 -236 25 207 20 -178 -100 -176 -77 -102 -148 -196 48 -169 164 129 -140 119 108 178 -6 -241 -59 31 -125 155 -106 -80 -151 36 -123 -26 -172 193 -200 30 195 -142 -250 -49 -230 -10 70 69 174 -139 -50 -245 180 81 113 217 32 161 -186 133 97 -101 33 -132 -183 245 211 1 -152 135 -214 87 -40 143 59 172 14 -156 166 -41 248 -180 -63 5 -143 79 -32 49 46 233 230 170 -37 -184 91 -14 -81 -36 -108 -66 114 -147 22 -198 -194 190 165 225 -182 0 -201 45 162 146 -92 -130 37 -149 -46 182 236 -70 92 221 -133 -24 126 -29 188 -105 104 -94 226 157 -74 -199 175 -96 50 -170 -56 -173 68 96 12 199 -235 206 -144 -134 -90 60 -119 138 -12 -158 163 -205 -145 131 243 151 27 249 231 197 186 -111 120 -15 -243 -58 -82 -244 -68 -141 213 -168 -85 171 112 -34 216 -27 147 3 39 183 -226 -109 61 -38 140 82 127 -61 111 205 13 -5 103 8 -17 -232 -122 40 148 -165 141 -154 212 -137 -57 -47 47 222 184 244 -136 -25 26 -91 -249 -110 -69 -33 -22 -211 -138 240 10 -131 52 210 66 -218 -155 -44 -9 177 -28 9 160 -128 179 -72 181 58 -117 -247 93 105 -31 -190 144 -113 219 41 -20 227 29 94 159 134 123 -71 -237 -161 -187 -233 -73 7 -193 -179 -7 209 73 -86 -65 -11 -62 -175 101 -160 -60 42 64 -115 -208 83 -189 241 156 -55 -89 -227 -231 56 72 -3 -191 218 44 -39 -64 2 -220 -192 -157 208 137 -219 130 77 -127 -45 -248 -8 -188 124 -88 224 139 200 -42 -52 -246 198 71 -239 76 187 232 -162 -195 132 -104 -19 80 191 -174 54 -83 -234 -54 -223 -217 -43 158 -163 89 118 -78 247 -114 115 -240 -225 189 -107 110 57 234 -171 -129 28 -153 38 -116 16 -216 229 196 128 106 185 84 63 -18 -16 21 -79 -98 149 67 142 
TEST 21 ARG:-242 19 -86 238 -205 49 233 120 210 8 -80 -70 138 68 -7 136 21 -83 -12 -141 -240 -42 -196 -129 129 -66 -126 35 -20 90 9 -125 -39 124 2 76 26 142 72 175 78 43 106 -201 -234 211 30 -186 -179 38 63 143 122 -6 109 80 -220 -26 -23 -154 218 -203 -218 34 67 236 -52 -61 73 -156 -163 228 -152 -217 114 36 227 -49 -232 240 -24 -204 13 -140 231 152 42 -32 -153 -14 -146 -117 -90 -248 -9 156 -169 -30 -10 -109 247 148 115 50 239 224 -119 -239 -88 187 -58 -155 -79 154 112 -56 58 -199 188 -75 40 161 4 -244 -63 -114 -82 -164 62 209 91 93 248 -106 -92 -145 -101 27 -40 -118 -87 204 111 -241 105 217 -95 -34 135 -121 -168 -18 -104 237 -17 241 183 94 -3 51 244 -230 -130 -158 -147 75 153 155 -175 -194 20 -22 -127 -60 48 41 -224 -59 222 -43 103 -4 249 173 -132 -144 -170 186 191 55 -228 74 164 -191 -1 113 -64 31 162 3 -160 -107 99 193 166 69 195 89 -151 196 116 32 -226 230 15 -150 178 104 -113 79 149 -247 -71 145 219 -45 -225 96 -47 108 157 -53 -162 -173 130 -65 -231 216 71 -209 -27 29 220 212 52 141 202 -91 88 22 -198 235 181 -178 -238 133 -222 44 151 -37 200 -31 165 -166 -44 -16 -134 -108 150 -227 225 -21 -123 -137 -74 -159 159 60 -172 83 -216 -29 -48 -177 -5 226 117 194 176 -211 -102 37 -171 -174 -180 -184 234 -189 -62 201 177 33 -36 -115 -243 167 -183 -229 -81 28 -2 -72 -245 221 -214 197 -68 -19 16 -98 146 -77 182 82 198 128 -188 -200 -25 245 -161 -128 -212 180 54 -94 -206 101 53 81 243 -78 46 215 163 -139 199 127 -213 -149 97 -38 18 65 132 66 -246 -250 -182 -111 -133 206 -116 -99 -55 39 59 168 84 12 11 214 -76 208 -96 174 7 -28 -233 -176 131 184 86 -235 14 -249 -197 -202 223 -157 -135 118 -221 -223 110 -110 5 144 -167 102 -124 232 147 1 -11 70 172 -192 0 -143 -187 246 77 25 -193 -93 -190 -237 -138 119 -69 203 171 56 23 158 17 205 -185 64 -41 -8 98 24 190 -103 -181 -105 -122 -219 -148 126 121 -35 -13 -51 57 47 -100 92 192 213 -57 160 -207 87 242 -236 -84 -85 -97 -54 -195 6 61 -215 134 85 95 -142 207 137 179 -120 -89 -131 189 -112 107 45 229 -208 140 -67 -136 169 -46 -73 -165 -210 170 100 185 125 -50 -33 10 -15 139 123 
TEST 22 ARG:-226 86 -125 53 -189 -185 -82 80 -101 238 103 -237 120 -102 -241 83 131 -145 92 79 193 -57 192 -177 44 124 -124 94 231 -186 113 -121 -8 -149 -3 -61 65 -130 152 -94 -137 236 -29 167 -200 -110 -221 -96 -209 -160 -95 -7 -176 5 6 -65 13 -238 218 -203 -249 -161 95 -250 104 164 176 241 66 -53 98 -37 45 190 73 233 -49 61 -115 -228 248 -162 -187 155 132 -207 89 -80 78 42 191 55 -246 -179 27 26 -190 7 -122 -40 -88 204 -117 -191 -169 -154 237 51 140 229 162 -52 -229 -147 -227 -106 8 -218 -46 163 -58 160 -10 -89 39 -114 69 -20 -144 -136 -98 106 114 -247 -70 107 -151 -178 -198 -166 185 -202 151 -220 46 -223 150 -116 180 -15 101 -236 -36 35 206 -34 128 228 220 -173 93 -167 60 119 -27 -47 -134 10 71 215 232 -164 -216 -239 208 -184 -35 249 -194 -22 -44 56 243 -76 -11 174 138 146 125 -33 175 -111 54 -240 199 -26 -120 -68 -234 147 -92 40 141 230 222 242 -155 -50 142 -170 118 -159 70 -69 240 -5 -25 -245 182 136 37 -73 148 3 -126 97 157 -79 33 12 18 -206 -192 -30 -174 153 -104 -199 48 -153 158 179 -2 217 -62 -87 76 -133 38 -242 -201 -180 165 -4 219 -127 -230 -99 -38 133 195 -59 -16 246 -6 -139 134 62 184 -60 -119 4 -90 137 99 -215 52 -211 0 9 84 -172 31 213 -84 169 -9 -208 -100 28 102 -141 -107 -146 -128 -188 -222 34 29 -213 111 110 100 59 209 -28 -45 -158 200 -66 -163 212 21 -97 19 224 -77 16 -157 -197 15 -168 187 205 -131 -39 -103 -85 30 32 245 72 14 127 -91 -112 -118 207 112 235 58 -193 139 123 87 -12 -214 -232 186 -219 41 226 36 81 122 -142 -56 24 -204 -233 -113 -152 96 -150 109 50 210 -13 -205 198 49 -64 -181 214 189 -21 -225 -217 181 -148 126 159 143 145 -75 82 149 168 166 -138 -183 105 201 -51 161 -1 -48 -129 -93 247 -74 47 -132 -86 90 63 -244 197 -123 -63 -43 -18 227 -19 170 156 244 17 239 196 130 117 202 77 178 203 -156 -32 -195 172 177 154 22 2 64 211 -83 -72 183 -105 20 -41 -14 -135 -165 -108 -224 -78 68 129 -196 -67 -23 171 -231 75 221 -171 -81 121 -24 67 -55 144 -71 25 -175 91 -109 223 -54 -31 -182 11 85 116 216 -210 -248 -140 234 173 74 -17 57 225 -243 88 188 -235 115 23 135 108 43 -42 1 194 -212 -143 
TEST 23 ARG:3 169 201 102 217 26 -222 63 211 -51 224 189 -239 -64 -7 89 -60 45 -72 -97 43 -126 22 -166 -240 -163 80 -42 237 100 18 226 -118 150 -13 41 165 -33 -213 -216 -210 174 -244 207 29 82 -132 98 -28 154 104 -165 200 196 133 39 205 230 -144 -37 -43 111 75 -212 13 219 -124 -129 83 -49 -125 184 110 -196 197 -22 168 -225 130 135 233 193 94 -177 35 -223 -25 181 -243 231 -135 188 -156 84 -11 -14 -130 -80 85 -50 73 -201 -227 238 -123 -161 -111 -145 -92 -55 -234 7 12 -31 141 -21 161 -98 -193 109 113 49 -245 214 15 -40 -90 228 173 140 -183 145 -176 -99 170 68 88 -137 -188 9 153 -79 -5 114 199 142 125 -248 69 -82 -120 -136 -58 30 -160 -76 -228 -194 -30 5 -180 -189 -48 151 124 -112 -18 47 -167 178 139 76 20 191 -75 10 227 -158 204 -198 126 -246 56 -224 -140 53 223 -230 65 -73 -221 -171 -16 -172 239 144 -63 72 -205 186 44 -91 -181 232 -195 143 208 136 148 -66 -35 187 221 122 164 -190 157 -87 -53 91 -218 6 245 -4 -249 -71 213 -209 -164 -236 1 120 182 -199 -34 -122 116 -103 -131 248 132 244 -217 -56 -24 -115 246 19 -208 14 -106 -202 159 40 -104 -23 27 247 -148 176 -94 -86 -238 79 -203 97 -192 149 160 -157 32 -127 -46 87 242 23 147 215 17 105 90 -179 78 86 195 156 234 121 -121 138 -19 158 -88 -78 -8 37 -1 28 -62 -70 225 -128 95 57 216 -119 249 -211 24 -107 -142 16 -231 -233 -101 36 131 -84 -65 66 -54 -89 -17 -36 190 222 172 67 -15 77 -152 4 -47 31 177 8 -100 48 -116 163 -2 74 93 202 -182 107 183 -83 198 -10 240 152 38 99 -226 -109 -214 -184 25 59 -242 55 50 218 123 119 115 2 180 171 -69 101 117 -147 62 203 -232 -138 -159 108 -168 134 -77 103 206 -3 -32 -170 -153 -150 127 -74 52 -154 -114 -96 128 60 -141 -204 51 -108 -219 243 -149 -67 -133 71 179 -237 129 -139 -27 -175 -197 229 162 -105 -117 -250 -191 -110 -241 185 -9 210 220 194 -45 58 -20 -59 42 -247 92 146 96 -61 212 54 236 33 -81 -93 34 -26 -187 -134 -178 -229 -206 -155 -38 -215 21 -207 -143 -146 -41 167 64 -57 61 112 166 192 -85 70 -52 -6 11 -162 0 -29 -102 175 46 155 -169 106 118 -186 -113 -200 -44 -12 -220 -174 -185 81 -151 -173 -39 137 -68 235 209 -95 241 -235 
TEST 24 ARG:194 31 -243 -92 143 -4 60 98 219 -8 7 112 -29 206 -117 87 120 -43 141 -143 147 214 -177 -67 211 -27 -182 -225 -68 25 21 -72 129 235 52 -52 -21 -108 -70 -45 -10 -198 32 -157 -113 99 -211 85 -57 209 221 -230 -210 197 -94 192 -114 -81 101 -90 -41 114 173 54 -152 -44 132 -23 34 167 -227 -239 5 -79 -237 -60 86 142 -61 182 -199 -181 -48 12 -128 -151 104 -140 -191 134 -51 -194 -205 181 -50 -59 227 156 -175 -19 244 -56 135 216 234 162 174 -168 126 8 92 -174 -137 -101 -126 -232 238 138 -155 -77 42 123 -47 145 27 164 -32 20 137 146 -35 -37 36 45 188 -248 1 149 202 -129 111 -16 -24 124 -82 -96 -197 170 -188 70 95 -14 -156 77 55 231 -193 -214 117 -6 -20 59 24 -215 -202 6 11 -146 243 50 91 -116 -28 -170 105 -139 -62 171 128 -226 58 -203 -103 -150 217 -166 144 -74 2 -184 -245 -141 40 248 -201 228 49 -159 199 208 232 -178 140 -83 125 -171 -115 62 -127 -244 -234 -196 148 193 -106 -165 -22 18 -185 154 168 -138 -15 -11 -53 -97 -102 139 97 236 26 -160 207 176 -125 -213 241 245 23 93 -124 224 19 215 198 -187 -206 131 153 -88 -173 -98 -176 53 203 240 -1 90 -66 57 155 -238 -18 -89 163 -107 -118 -228 -120 -180 0 -235 81 -99 -250 150 -13 -221 185 213 80 -76 200 201 196 242 -111 183 -233 78 -241 41 10 -147 110 229 96 46 84 -183 14 35 -167 247 190 -85 29 -189 -78 191 44 -134 -64 166 48 -109 76 -42 151 -58 -40 187 -158 -223 186 -207 -132 -86 226 -104 -31 -17 73 -46 -149 -236 37 -153 -93 178 165 -80 89 172 225 51 -172 82 -110 -169 -247 220 -246 -190 -163 109 -135 -73 122 184 -192 177 74 157 -34 -218 -100 205 -122 22 169 246 -25 -136 -33 -179 103 -5 13 204 116 160 -162 56 -69 180 -7 -186 -55 4 -2 -12 179 113 106 -36 63 -240 -229 66 -65 -30 239 69 189 -219 79 -220 -49 102 16 -161 -145 161 -75 175 -121 67 -195 -112 68 -95 158 72 47 3 212 64 127 -119 -91 230 28 159 -242 100 33 -222 223 -209 136 -54 -164 -123 -3 15 133 249 233 71 108 9 107 -224 130 30 222 -249 -200 -38 75 -131 39 -231 -148 -144 115 195 119 152 -63 88 -208 121 118 -87 -216 210 -204 -133 -154 -217 -9 -39 218 -105 -130 65 -26 38 61 -212 83 -71 94 237 17 -142 43 -84 
TEST 25 ARG:-231 -189 -201 -188 -180 230 69 -102 65 -178 175 56 55 218 9 -35 208 104 -187 142 59 -200 18 -89 36 -173 -10 -110 -57 170 -103 -124 102 90 58 -224 -184 186 91 -142 -227 -182 224 -41 187 -86 178 -22 122 160 -133 -222 60 87 195 -96 162 167 -161 -66 139 -120 94 202 231 194 130 179 84 70 -54 71 -85 153 137 -221 -76 217 -139 192 210 -21 -34 212 75 173 172 126 -150 -43 -61 -74 243 -82 -199 120 216 68 26 193 -19 180 -48 -250 201 -131 20 -233 96 -191 -204 125 -243 -179 155 189 -68 226 -42 34 -67 -24 -138 -69 -8 86 -144 45 -185 97 166 -46 -225 -129 -62 169 -154 -241 41 30 -242 -152 4 -7 -226 -171 -218 -33 221 32 246 -53 143 -220 -83 232 235 19 -143 64 -228 205 165 -75 -234 128 -249 -79 46 11 161 -229 148 207 152 -109 13 150 22 214 -194 144 112 134 -17 -128 -72 -174 98 -114 -186 -207 171 158 -59 223 93 -36 -94 83 -51 -208 0 249 -123 -205 -153 -116 -27 203 -58 154 -16 -192 -240 57 198 24 37 -125 -50 -147 -99 -246 -65 240 2 -213 51 -81 -151 -148 -26 95 1 -29 -64 -23 103 114 -212 -245 -18 -157 25 206 8 -206 -105 146 -236 -49 -169 -98 -40 204 -235 -5 -165 40 163 -134 -13 -118 197 -121 -71 -112 182 227 88 242 151 82 -130 53 -92 -196 -183 111 50 -60 -209 133 -97 209 15 248 191 -162 -164 -195 184 -219 -155 138 147 80 117 63 196 66 -100 -168 47 145 29 237 79 -25 149 78 213 181 -198 61 234 74 -15 -160 135 101 -90 -6 17 -156 222 -239 77 -87 141 -1 62 48 -44 -167 -2 185 177 -193 131 -126 -11 -31 156 -45 168 -101 35 -9 -158 -244 92 -238 -211 -197 136 76 -232 108 244 107 245 -70 38 -181 27 233 52 -73 106 -190 -91 -203 67 132 124 -210 -80 140 33 116 -95 -166 -115 81 -176 -170 241 -4 121 228 -30 109 -163 -135 159 43 200 -146 -248 -39 -230 211 -132 115 225 -14 10 7 -3 -56 -223 123 99 6 -111 39 21 -12 16 105 100 -84 -202 28 129 176 23 -78 -216 -122 -214 -141 73 -104 -149 239 12 -107 54 -217 -117 247 -63 -77 -175 -28 49 85 229 -177 31 89 -52 219 -172 -88 44 -20 113 -55 -119 119 3 -137 -38 190 157 -237 236 -113 -145 42 -32 183 -215 -108 14 -136 -106 174 -140 -37 199 5 127 -159 220 188 -127 -93 72 118 -247 -47 164 238 215 110 
TEST 26 ARG:183 247 50 120 -207 125 240 -208 26 -8 -55 70 177 56 -37 20 -133 230 -242 -66 145 13 -22 -27 49 -160 -63 118 88 104 -216 215 188 -34 -143 174 235 -5 61 126 -182 -73 -193 212 -126 -127 -151 -20 -175 -88 31 1 74 -188 195 157 43 68 -23 -112 -177 119 -187 -60 35 89 41 -129 161 19 234 198 -140 150 5 -233 75 85 110 189 147 57 97 -101 45 -137 -79 137 -167 -168 224 -19 192 -90 -82 216 44 -181 -166 225 154 133 -221 -4 -244 222 69 16 -179 -25 -107 -246 -97 180 -103 128 -154 -199 -16 191 -230 175 -194 127 -139 -89 -192 238 -136 -223 -190 -155 -12 22 -161 99 152 64 -239 86 162 -45 124 172 83 60 -247 -186 186 2 3 -169 -165 167 -30 204 98 202 -75 153 -250 4 -1 51 142 -229 -93 -91 54 -57 184 165 -54 -80 -215 -33 -226 242 9 24 -122 -69 138 176 14 72 -183 -198 -220 81 144 117 -173 -44 -85 -142 80 -212 246 96 -141 134 194 243 -32 159 -120 -70 -150 -238 139 65 67 107 37 -7 91 -157 -87 -131 148 -61 214 219 -71 249 131 11 156 -172 79 231 -100 -191 78 -162 -178 -240 155 100 245 -48 233 -40 23 -18 -46 -17 36 -94 244 30 -39 206 7 -236 130 -74 -210 -124 178 48 -104 42 -176 76 40 101 226 -243 -115 -9 -86 149 -21 -201 169 33 29 106 52 228 112 27 -213 28 47 63 136 181 166 -203 -72 -184 207 217 -68 196 146 -113 179 -38 -209 199 220 210 -109 71 -118 34 -144 82 113 111 129 -64 -149 200 -65 -163 123 -3 -135 95 -31 59 -170 -114 211 121 -6 -111 163 223 -180 -35 208 -36 -218 241 -76 77 102 53 -217 158 87 -53 -50 -13 8 -108 193 -130 187 -92 -147 -219 -42 -152 232 -26 -134 116 -224 -102 -110 -171 182 -146 105 141 227 -15 -116 38 218 209 -196 -237 239 -52 109 -49 -67 -197 0 -123 -248 151 -195 -185 -234 -211 -158 -132 -58 -145 -95 140 -148 -200 237 -43 32 205 201 -249 -99 -78 -56 21 -83 90 229 185 94 84 58 -225 93 248 -228 197 -205 -241 213 -245 -11 -227 -231 73 17 -235 -84 15 103 -96 -51 10 46 66 -164 -121 39 92 170 -62 -125 -119 -202 -47 -128 -2 -206 -214 108 -174 -81 -156 160 203 164 25 173 132 -159 168 -117 -77 -24 -232 -189 115 12 171 -105 236 122 114 55 -204 -10 221 -222 -106 6 62 -59 135 -138 143 -14 -41 -98 -153 190 -28 18 -29 
TEST 27 ARG:-7 152 209 -119 -118 -75 195 93 -186 69 -1 -192 -239 -170 168 36 -101 -218 184 41 -161 -130 14 -249 -187 -89 57 -146 220 232 -116 185 -155 53 -210 99 -88 -50 -237 -173 -13 -62 -18 88 -6 -102 -93 -47 -201 -59 132 -202 219 228 215 201 -52 148 -181 86 -232 145 -185 54 154 -91 -128 116 -57 -80 -92 190 -229 218 -96 70 155 150 96 62 23 161 -58 151 -160 163 46 -144 -85 73 -77 -3 89 -177 7 68 135 119 -212 -214 43 -180 202 -81 -156 74 -36 -67 247 -247 -113 61 -83 -123 -135 77 -132 44 113 -143 42 -43 -19 60 -152 -244 114 -167 2 -55 -94 -242 -8 136 37 -150 180 -37 -133 -66 -175 -171 198 -95 -74 127 -197 -195 -162 -109 -44 146 19 153 -182 165 -136 76 39 -64 130 167 -248 -158 -240 -54 -76 12 192 -208 -219 181 103 102 -154 -53 -61 -17 175 13 -35 -45 238 28 141 122 108 196 -191 26 172 17 -168 -31 159 126 139 -207 -216 107 -172 138 -142 51 56 -153 -105 -139 87 171 -87 90 71 8 229 -222 -103 -227 200 -213 234 204 -115 128 -145 -73 230 5 48 -140 33 -127 -32 29 240 20 193 -106 -165 -231 178 225 166 22 72 -221 18 -238 24 -21 -250 64 173 -27 203 -176 84 111 27 -56 137 -2 210 211 4 -157 216 134 -193 -71 -29 -28 0 3 -25 208 82 109 164 206 49 133 -126 94 -217 221 147 227 -51 105 98 -60 63 217 214 -111 -99 -234 245 160 -112 -226 246 -42 79 -14 169 -198 -11 -220 40 222 223 106 31 -90 -10 158 59 248 -230 15 117 -49 32 143 112 243 -9 -151 -110 213 -5 -39 207 50 95 9 188 -224 -179 34 110 52 183 131 244 47 97 -100 -141 -70 -159 -46 -206 -122 -82 129 -183 162 239 140 10 -20 -199 -69 -65 118 104 -225 -41 91 157 -30 -223 -12 -147 38 6 -203 187 226 83 92 186 -22 -104 11 235 156 -205 -233 -33 -134 -98 -78 25 191 -184 -138 -211 -235 -163 -236 -79 16 85 -194 237 212 149 -148 -174 170 124 231 -190 55 -131 -26 -97 -149 -124 115 -120 233 -114 -63 75 -215 -245 144 -34 -246 -68 -125 241 120 -178 176 -241 58 -243 249 194 66 -117 -15 -86 101 21 -16 -189 100 199 -209 45 121 81 -40 67 -200 142 -24 179 -108 -228 1 78 197 182 -84 35 177 -107 123 -169 -4 -48 242 -166 -129 -38 -121 30 205 -137 80 -23 189 -196 65 -72 236 224 -188 -164 174 -204 125 
TEST 28 ARG:208 122 82 -204 -121 -97 -126 232 100 -209 167 172 -193 -29 -78 6 87 134 27 -63 220 39 -197 -240 -210 -211 -156 -17 -79 -192 -196 247 -57 94 -223 106 -91 131 58 26 -55 -127 236 223 -218 -89 199 -96 90 -244 129 117 248 -231 118 69 246 -116 -172 -200 150 -21 163 240 239 70 -185 227 -180 -24 -50 -206 102 -43 206 -51 -170 63 -174 -205 -235 -194 65 80 136 101 -214 -104 -199 -149 79 -44 -109 57 -36 -248 -189 -162 -140 219 -31 145 229 142 173 221 126 -177 -155 -41 -92 -86 46 -137 156 168 89 -150 -136 -35 -146 -242 -66 130 37 21 -139 198 186 -224 121 52 147 214 -26 -165 166 24 -128 -54 108 -59 -113 51 -221 17 60 -154 9 -76 -4 153 86 205 -238 -229 -30 225 175 -117 -234 -111 10 85 -179 -153 -195 84 -182 -14 200 1 28 -226 201 -68 135 217 157 230 123 96 114 144 -49 183 184 211 119 78 -245 -18 -69 -22 55 74 72 -239 98 -187 -34 -191 244 -125 42 148 181 170 115 -120 25 -73 0 62 23 -102 -99 104 112 -5 -152 -201 120 -19 141 12 -20 -114 171 -163 -12 -216 75 -246 -202 -8 92 -13 243 -112 -173 187 233 128 88 67 228 -186 -247 155 203 -168 107 160 -98 -124 -233 176 -80 152 -243 191 19 216 -142 237 54 -208 137 -64 -133 -159 241 185 18 -61 139 -119 -241 -90 215 169 -56 -190 -28 162 154 -138 -85 -135 196 -176 -198 234 -1 2 164 66 146 91 -219 -2 149 31 16 40 151 124 -129 -3 -213 116 -65 213 -222 -52 133 13 202 110 -11 29 15 -166 -134 197 -115 218 -23 -144 195 242 -106 165 49 -217 -38 8 127 -6 59 -93 -48 189 68 238 -188 178 -123 138 226 -100 -215 -9 161 -236 44 -95 -84 -225 -250 140 180 -83 182 -40 -7 -145 73 11 -105 -62 -161 47 231 5 -230 -75 -27 7 143 -160 -107 -94 188 56 111 -88 33 81 177 45 -228 14 -32 -110 -70 -33 125 -16 4 192 53 -37 113 -45 -181 -46 -184 -82 132 48 222 -25 38 -118 204 64 -47 174 36 -103 97 -108 -227 -167 22 -53 30 -130 -143 -141 105 -132 -77 -131 -212 249 35 207 -67 -171 193 32 3 -158 -175 -232 -164 -101 99 -237 224 179 34 50 212 209 71 235 41 -220 245 194 -147 77 -74 20 -39 -10 -87 61 95 -151 -15 43 -249 -60 -203 -183 -207 -42 83 190 -178 210 93 159 76 -72 -148 -169 -122 158 103 -71 -81 109 -157 -58 
TEST 29 ARG:63 -139 -33 161 -137 38 -70 -146 -203 33 239 -59 144 -250 -126 -95 -150 44 216 -108 117 129 -186 41 83 -168 -149 -97 185 102 -18 48 -233 -101 4 231 -205 209 -20 -117 62 5 28 -51 238 -52 -145 157 -141 -239 81 164 -157 -192 -103 115 206 97 -158 24 -193 -218 208 211 202 -87 9 -209 -56 -57 -37 95 212 -48 11 -64 176 -198 -231 131 -221 -113 -2 139 73 -63 -46 210 -67 -133 -167 71 -179 137 -83 236 195 92 -107 -69 -216 -1 -122 -187 -127 -44 68 -188 65 -144 37 -106 -132 -245 126 15 -119 240 248 21 17 -200 -241 105 127 -202 -26 -68 151 -76 -40 -49 -190 76 149 -207 177 228 32 -247 -30 -39 -89 178 -60 190 45 -109 120 67 -25 -91 173 103 -94 90 -10 14 205 61 -228 -131 88 -242 -236 160 -164 -71 22 -148 214 40 -130 -77 -8 232 -213 249 -15 -151 60 -17 19 135 -29 -14 -175 10 -249 -12 218 84 175 -93 86 -9 -173 -182 -136 -61 116 -47 -220 -110 128 -142 18 -204 -74 -58 64 110 136 -86 98 169 -72 225 152 -85 96 -165 179 199 -177 13 -210 203 55 -196 79 -138 -27 -180 -195 -116 -201 159 -112 -161 59 142 -147 -13 -238 31 -62 163 58 222 -206 -217 -234 -96 112 -3 53 189 245 100 47 26 241 -169 -240 -191 -50 -99 220 227 -90 -4 140 247 -34 -235 -174 138 -35 125 148 191 188 167 198 -28 -23 -143 -65 80 134 -19 155 -223 123 -215 132 154 -22 141 -5 111 -100 235 -42 101 200 -156 94 -219 -140 -66 7 16 91 -124 207 114 29 -81 -163 150 224 147 -111 -121 -38 -166 233 166 108 39 57 118 -125 109 -134 46 51 8 -98 27 -214 -224 -171 194 193 -129 70 20 -160 -185 223 -123 -120 -155 221 -208 6 -43 -176 246 -227 99 201 -183 162 -154 52 74 196 213 -53 217 34 -237 158 104 122 174 244 85 -189 182 243 204 -128 237 192 -243 -212 49 -24 82 172 1 242 -162 -225 93 30 -45 -229 -199 87 219 183 -82 -73 -79 -7 56 -246 124 -102 -248 69 -181 180 133 119 -78 -105 -92 -244 -104 -41 43 186 -184 -88 75 -16 -115 -31 -170 -36 -197 89 215 -159 -172 113 -75 -114 143 0 -6 -211 168 77 165 -178 184 181 153 145 25 -54 -55 -21 -153 3 -80 107 146 50 229 72 171 12 -222 35 197 -11 187 -118 -194 106 121 2 -232 130 66 226 -32 78 54 156 170 230 42 -152 -226 23 234 36 -84 -135 -230 
TEST 30 ARG:12 72 123 71 -134 106 248 245 -86 182 10 58 214 28 199 129 86 -65 -183 -234 -216 -37 50 -107 35 -242 -109 29 227 -184 67 64 -150 240 -40 -16 133 -45 21 70 -31 -205 -207 -30 69 132 -203 114 -186 228 -111 43 177 -230 61 -188 -156 -168 -171 -130 144 -22 -98 -79 -149 -20 232 219 -34 -165 18 -74 -23 208 -99 80 -56 -206 -114 231 -42 -9 -148 121 -161 25 116 108 -82 -131 100 151 -124 -80 11 -26 172 -226 -51 -120 157 -146 -237 173 -128 -1 -176 218 -159 -24 36 -180 41 -49 -144 -121 95 220 56 112 -11 -181 -5 -212 -221 98 24 -73 229 -2 238 -6 47 46 247 -41 242 175 -194 103 198 -93 -227 101 148 -12 92 -231 -77 -174 -136 -193 -158 158 -173 226 194 -246 201 160 109 244 -27 -241 146 -178 31 186 -54 200 -25 -21 193 131 -78 -155 27 -91 -248 -247 170 -243 63 -213 90 -55 -117 -103 241 17 176 26 -166 -84 -63 5 9 34 76 14 -228 -137 13 -245 -232 51 -238 181 212 -190 1 166 187 124 -15 -135 174 -152 -43 44 204 94 118 -211 -19 140 82 60 -125 122 191 136 -60 -14 49 45 6 -233 -87 16 78 -126 -177 -217 97 -95 -104 54 202 -35 -48 -157 102 -169 38 -88 117 143 -225 -94 169 -76 -142 161 -132 40 -250 -220 225 -3 -62 216 74 239 119 207 91 130 -119 23 139 -89 -61 203 68 81 -46 163 171 128 -195 79 -164 -102 77 115 -39 -163 -110 66 196 149 213 8 -122 159 120 -106 152 126 -198 -53 -240 210 243 59 -97 -153 -28 -71 -143 217 -75 -209 206 145 -47 246 -59 65 -108 164 235 75 -172 195 -224 53 -185 88 -215 -236 230 -222 0 -13 215 -50 62 -145 224 197 134 178 57 -10 -4 -197 -200 -17 236 -44 -38 -116 -189 142 237 93 -83 189 -218 -219 52 -201 -133 209 137 -229 3 30 -127 180 -210 156 104 32 -57 -179 39 105 135 -223 -7 4 -123 -167 -202 138 110 -175 155 107 -208 154 -18 234 -8 15 -66 127 -29 -67 -52 147 188 -69 -100 -81 -196 -151 84 19 89 -129 -68 -92 190 -187 -239 125 99 -70 -154 -36 -112 -96 -115 192 185 -33 153 20 33 150 -170 -58 -113 85 165 -140 -32 -191 -138 162 7 -160 223 -85 -235 184 -139 -204 179 37 205 -72 221 -244 55 2 183 233 48 -214 73 -101 -90 -118 42 -141 222 -199 22 -249 -147 -105 -64 167 96 -162 83 141 211 87 -192 168 -182 111 113 249 
TEST 31 ARG:144 114 -57 108 -231 192 48 -24 163 89 -75 -32 -117 25 4 15 118 -14 -140 109 -213 -107 -198 229 -85 -224 209 -74 -154 -65 233 -87 112 77 200 -219 -69 -207 -129 -190 161 201 -17 -68 -12 72 -27 170 139 165 185 -48 179 -164 -123 -184 159 246 -59 -146 -234 214 80 -152 -160 -23 224 -56 36 -163 186 136 -137 -40 -170 -2 -191 29 -165 189 221 102 -84 141 90 169 57 66 -203 -94 -135 -188 46 -7 28 -81 32 -187 9 241 82 115 -34 -232 -108 -64 247 -195 -58 51 231 33 88 -150 -147 -80 -202 16 44 -33 -15 5 40 -102 -55 106 -106 -96 -97 188 -95 58 121 190 135 -167 213 100 -6 -38 -179 -189 -88 232 59 230 -42 -66 162 -50 63 55 119 132 65 217 67 38 238 234 211 240 143 158 180 -51 97 175 -220 -155 7 -70 19 -53 -238 208 23 0 -45 -29 149 -90 -240 -60 152 -116 -156 193 22 -28 -244 24 54 17 -39 -112 154 -30 245 116 -76 202 -113 103 219 222 -174 235 71 86 -86 146 49 78 -114 -145 127 111 237 -161 85 223 -82 -99 133 -41 -169 155 205 -148 -62 -200 -201 -222 -250 124 191 -83 -143 225 203 -115 242 -136 126 -119 160 215 -216 174 -214 -183 45 -176 -173 212 -52 -93 107 140 11 -181 84 -124 164 105 204 -111 207 -157 117 -126 -21 -159 -8 150 -235 -186 83 75 -122 -162 -230 172 -121 244 47 -248 -118 -209 -37 -5 -63 -208 -54 -149 -211 138 -237 -243 156 -233 31 -204 -18 12 -151 93 26 81 110 -73 195 130 -132 187 -105 104 182 177 14 -241 -153 -92 -9 120 -239 -141 184 -78 -221 13 61 183 -246 153 148 243 128 98 92 43 -49 -229 -104 -226 -199 -133 74 218 137 113 -193 -47 145 -177 -225 -125 -19 30 -142 -109 166 -212 101 -77 56 50 248 -180 -194 -134 69 239 171 -26 -205 176 -1 27 34 168 96 -36 173 -166 6 -101 18 94 125 -223 -227 -89 178 60 35 37 -178 42 52 -103 70 122 197 -71 -61 -138 123 -67 73 216 142 134 131 -120 206 226 -46 -172 181 228 -197 39 236 -110 -127 2 196 -217 167 -44 -206 -13 157 -228 -168 68 95 -218 64 -210 -72 1 -175 220 -100 -130 -144 -10 -171 -11 3 -185 -31 -192 -139 10 -249 -196 -43 -16 -131 -128 41 210 79 87 -91 20 -215 -245 62 -22 198 -98 -35 199 76 91 227 147 -4 8 249 129 -158 -247 -25 151 -79 99 -20 53 -3 21 -236 -242 194 -182 
TEST 32 ARG:-132 235 175 176 -7 80 -58 192 -250 126 89 -241 -57 97 209 77 228 -60 206 -8 2 1 -34 214 187 -233 -70 -197 109 -100 157 132 170 231 -190 202 -145 81 215 13 -101 -181 -114 -89 145 -221 243 -143 83 52 78 -203 33 -85 -209 -128 165 -210 -220 -179 152 -246 238 -96 -123 -84 5 -104 115 -148 122 211 -25 -124 54 98 -90 8 198 -109 -183 106 -200 -119 92 -201 -153 -46 58 41 -42 131 -188 48 -116 -83 -95 -229 241 125 -47 -167 9 -163 -61 -41 63 -218 -150 -222 27 -207 236 242 -238 -6 70 -196 -17 21 -194 112 234 -29 171 -67 249 116 226 -135 -192 -21 -140 154 93 -126 53 -178 -122 -138 237 178 218 12 51 -105 -103 -151 -107 -62 -11 3 128 71 193 30 -168 23 -93 230 -56 149 -97 55 -136 28 100 -23 -213 -198 -193 56 239 -27 -32 213 161 164 179 -202 74 -189 225 -130 -155 -234 -68 20 135 183 -137 42 -172 123 155 -171 -82 138 168 -36 -81 39 -142 -28 24 -53 137 -76 4 -72 -108 159 -22 191 -51 99 216 -133 -77 222 26 -195 167 133 40 -154 166 59 151 -131 -158 -211 -186 -180 -184 -66 200 61 -231 -102 85 22 73 102 -3 -26 223 90 66 244 162 38 207 201 -147 -214 158 -173 -156 -240 -35 -4 7 86 177 -146 67 -2 -106 -227 220 11 -216 -92 136 95 194 -1 160 -75 -33 -110 246 15 -134 -45 72 -50 146 120 -80 -174 -141 143 96 245 31 -160 182 -232 94 -243 210 -224 57 64 -43 -175 -14 10 -226 212 43 181 101 -24 208 -206 -121 -52 -157 -87 134 104 -91 -69 229 88 75 103 19 84 65 188 172 105 248 197 163 -182 130 -10 117 -177 196 -236 35 -185 203 -205 205 -242 141 227 190 -248 76 -44 119 -86 87 121 110 -65 -129 32 -48 -88 240 142 180 -170 111 173 -38 -15 -187 219 -64 -235 118 204 82 -208 156 -112 153 186 -223 150 0 -39 34 232 -245 -78 -191 127 -115 189 124 25 -159 247 -165 91 185 195 -20 69 46 -176 114 -13 -219 -54 -79 -162 224 -199 -152 -12 -37 221 -117 169 129 -204 -71 -239 -169 -120 -230 -149 108 17 -166 217 -5 36 68 47 50 14 -164 44 -144 -212 184 -74 -127 -16 -225 -139 199 -99 16 45 62 -94 -73 37 -18 18 107 29 -249 -19 -9 -59 -31 -49 148 -55 -161 -244 60 6 -113 -215 174 -247 -40 140 -111 147 -237 -98 49 -125 233 139 113 144 -217 -30 -63 -118 -228 79 
TEST 33 ARG:31 1 -50 92 150 -116 86 89 -138 165 123 105 103 5 -42 -156 153 13 173 226 -110 129 61 -218 47 132 -150 190 237 112 209 94 224 -133 -26 8 204 18 -130 158 -140 144 106 213 120 146 -151 194 -23 -209 -49 34 104 139 -177 247 -208 -30 -163 -147 127 -223 -9 -157 -46 25 202 242 193 71 -128 -149 -78 -216 -155 159 51 -236 -142 -71 236 23 230 -66 -196 65 -113 91 199 216 191 -215 -91 -37 -55 78 -72 155 80 20 33 -195 184 -166 97 46 -8 -57 110 -16 -160 36 201 -194 4 -33 175 -139 219 141 82 -171 -28 180 -45 -169 -144 73 212 98 -24 108 134 42 -7 9 -193 -101 192 -4 -211 -210 -25 -127 -120 118 -174 85 -159 244 -39 -64 -242 229 207 -235 214 24 -132 -59 -230 -124 69 -225 -175 -134 -19 235 48 170 -111 -180 95 -232 -217 70 28 203 74 -27 -18 -29 -12 225 -239 -85 -86 227 162 210 -32 -2 -115 102 -13 60 196 183 -52 -93 220 -76 0 -63 -176 142 206 30 116 -77 151 62 245 178 64 -173 45 218 7 -126 17 -117 100 88 138 240 66 152 77 -131 234 35 19 -227 -164 215 -206 83 198 223 -250 -104 -99 49 44 52 -247 -137 154 147 -118 -40 -68 149 -108 222 182 -170 50 -112 239 -203 135 232 -129 14 -167 81 205 179 -204 -53 93 -31 107 -51 -69 113 43 84 248 -184 211 -89 -60 157 130 -36 -200 87 29 114 -165 -246 -197 76 -103 -145 -201 200 -234 -106 126 241 -249 99 -96 90 -79 57 -214 -153 -231 -15 195 22 -10 -54 168 -192 -146 -43 -245 59 -229 137 228 -75 233 -212 148 -136 -185 -114 -87 -5 -162 246 -80 124 -67 75 145 136 238 -121 15 -154 167 -107 -22 -188 -88 41 -44 161 12 -161 128 -119 40 143 125 -97 -190 -199 21 140 -90 -14 -186 -3 -61 119 -35 -83 -109 -224 156 -191 -82 -143 186 -172 243 -228 63 115 -222 189 -102 -125 249 -238 -92 -65 177 -187 -248 -58 169 217 2 -20 160 11 -226 117 79 -105 -243 187 -73 39 16 172 -168 54 -122 -182 -95 -56 -34 -74 -17 -220 -135 174 -47 -41 -213 -240 -100 53 -62 109 -183 111 -205 -219 164 96 -198 -152 197 -178 188 176 -141 55 -181 208 68 -158 231 -81 122 221 32 38 -1 121 -244 101 185 56 67 27 -11 -241 37 -84 131 6 133 171 -233 -21 163 -179 181 72 10 -148 166 -221 -207 -202 -38 -237 -123 58 -94 -48 -70 -189 -98 26 3 -6 
TEST 34 ARG:27 -10 -126 -171 -164 180 -124 25 215 -49 62 -90 105 -133 156 -43 38 -208 -117 -31 -67 67 -91 21 45 13 -159 -152 -191 -104 -192 -215 112 184 103 -2 -55 -232 37 83 55 -61 230 171 -135 44 143 85 -83 100 -9 49 -39 -30 209 33 -51 -189 173 -238 147 -170 -45 -221 -178 245 -22 39 163 9 -216 -233 -226 134 -150 -33 -108 148 -17 188 -180 -157 241 -87 -99 -20 -52 -27 -23 76 50 -32 8 246 -132 16 122 -107 31 222 -78 -74 154 -72 234 128 -40 17 -225 65 145 -47 -148 -211 7 -223 -54 116 244 107 -41 158 89 51 219 -183 -58 118 -24 5 -111 -65 -97 -38 212 113 46 56 -3 -48 111 -231 -193 -194 -37 -8 23 -120 172 -60 124 -220 167 207 -169 -21 52 -147 68 -128 -114 30 29 26 190 -28 87 -182 10 -219 129 -69 114 -172 47 -70 203 86 -93 239 -119 93 -84 -81 125 201 -224 200 -202 -19 150 -229 -110 -243 2 -98 -18 98 70 -200 54 32 182 19 249 -149 -173 101 -174 -12 135 81 208 -15 -112 -105 -250 -46 -197 -57 11 53 237 235 12 242 -156 -222 -79 -155 -175 -198 95 -13 233 -206 64 187 194 -75 146 61 1 140 74 -53 66 177 73 139 -176 136 92 -14 -196 -36 -199 -89 99 127 -6 -106 -181 59 -185 -218 35 216 -63 228 -227 -5 169 176 71 -142 -205 -26 77 -134 193 -73 -151 -245 -186 3 -62 -88 -212 -71 227 -160 97 -246 -247 232 -11 175 121 -42 152 144 -25 248 155 168 -190 221 -82 -158 -214 -242 236 -187 225 -204 91 178 -115 204 243 -241 238 90 -100 214 15 102 199 -50 -217 157 -4 -248 -144 -228 -188 28 -109 -230 78 109 69 -102 -68 220 247 210 -113 191 195 -80 -29 159 174 -236 192 132 -34 151 -195 -123 202 60 -141 22 198 -130 -1 18 41 -177 117 -86 34 -165 115 63 -44 -154 -237 -239 82 -244 -201 -137 110 160 131 161 211 58 -116 75 104 133 137 126 -240 149 181 4 -7 120 88 179 96 229 -184 -143 57 -118 153 -209 -249 42 94 142 43 -64 -16 -59 162 36 -161 -96 185 -207 -125 197 -94 -153 183 119 106 -167 -101 226 -35 240 -66 186 -76 6 -131 72 231 206 -210 -203 108 48 -92 -234 164 -162 -122 84 189 40 -77 -95 -163 217 -121 -56 -179 -136 -85 24 -129 0 224 80 141 165 -235 -140 196 205 166 -213 -166 20 223 -146 -145 130 14 -168 -139 213 -127 -138 138 170 -103 123 218 79 
TEST 35 ARG:-241 189 -211 62 -45 -57 159 70 -72 68 103 16 101 -18 -128 -52 -198 86 79 -117 49 -11 73 -78 -215 162 230 -217 215 -112 139 204 -191 91 112 -192 175 72 -26 -59 0 186 15 165 -199 -220 -218 -219 43 89 -92 247 -194 -30 -190 -107 -202 6 143 -169 116 -138 -8 193 27 -156 -208 -159 141 -193 19 2 100 145 -87 -134 -129 -225 -32 10 -178 -177 152 78 41 76 -46 -44 -85 222 -142 -77 82 -9 239 80 200 75 -60 -206 -7 231 -127 -95 -104 134 -93 -38 -105 -133 121 131 135 -125 25 -35 -96 -235 172 -118 -151 12 47 96 -154 192 -244 132 9 105 38 -176 -73 97 -68 -99 237 -83 -239 57 246 -226 -62 -216 232 21 -3 164 -47 -39 -33 -150 -20 124 211 -16 184 -189 81 30 -29 -175 -233 219 -122 35 181 248 177 144 -61 -135 137 174 13 88 240 90 168 -204 71 95 -166 -157 178 106 140 245 -25 -141 -248 -80 122 -13 127 20 -163 37 157 -182 -51 23 44 182 -67 -34 -145 42 4 109 188 119 3 -110 233 110 -245 -228 102 66 146 -223 31 -139 -19 111 -63 83 225 203 -56 128 183 36 5 -126 28 54 133 -184 -103 136 197 169 65 173 -230 117 -205 -23 107 92 -170 -94 -213 -174 46 50 -149 60 -76 120 69 161 -131 -203 94 -196 234 130 -236 -155 170 208 125 206 53 -238 148 -152 -121 -137 -168 150 -246 63 216 -243 -186 179 129 -65 -2 -123 -53 11 249 -144 149 -4 -221 244 61 205 87 -101 210 166 -66 220 235 -5 58 -201 -148 26 -43 -1 -113 -180 -12 -97 -102 -187 -214 -109 -140 -17 7 -98 -164 -74 194 33 -120 -88 -234 209 -167 155 67 158 -209 39 34 176 113 -91 -40 -79 -247 -70 218 -173 156 167 -6 191 236 201 -158 -100 55 1 -153 -200 -250 221 -21 223 24 74 115 -197 14 8 -231 32 154 -240 40 -212 -249 187 -82 163 22 -71 -55 -28 126 202 -242 -210 -195 99 -207 98 29 -10 -115 104 -179 -119 214 -162 -27 -49 -143 85 180 -224 114 -161 195 -24 -81 -86 -42 118 190 -116 -222 160 -41 56 -37 -232 17 59 -229 -147 217 84 151 -48 -111 -188 226 -90 -146 -165 -114 -31 142 -136 -124 -227 -84 -36 -58 -172 -181 224 198 -69 123 52 -185 18 -130 -106 227 -183 185 212 -132 -171 -160 -108 64 213 153 238 228 93 171 199 45 196 207 51 108 77 -15 -22 147 -14 -75 241 -64 138 243 -54 -89 242 229 -237 48 -50 
TEST 36 ARG:60 212 -140 -50 -25 200 -27 -31 125 246 -118 -5 205 92 238 165 -199 6 -216 -115 70 -163 -42 -155 -132 -159 -201 66 162 135 38 -240 -62 -107 -105 -16 147 -24 -110 -167 228 -88 -102 19 34 220 -250 153 23 -103 -142 169 131 -223 128 -47 154 -158 -244 -246 139 -135 143 -70 -134 234 183 164 31 -6 -187 245 152 202 -19 248 -179 -96 65 -12 10 21 100 -145 -89 48 203 137 -124 99 107 -133 -130 115 -37 50 -149 5 -189 -73 95 -77 3 -108 93 0 185 26 -41 -144 37 -243 -146 -128 -225 -232 189 216 116 -173 -83 -208 -48 61 -242 111 134 -59 124 201 -46 -56 217 177 39 145 -84 244 206 -26 -176 20 -156 -95 -180 167 42 2 64 80 89 96 -117 90 7 -161 -198 33 55 -32 -220 121 32 230 -97 -193 62 -236 51 11 -38 -233 -237 -71 -120 -91 211 249 232 187 45 -177 -63 -204 -154 181 91 193 -221 49 109 46 122 -58 -86 79 -213 194 101 73 -93 -28 -222 85 -66 -106 77 -183 -18 161 -17 171 -52 -92 103 -166 -29 -9 -141 233 16 239 -169 -172 -239 110 -231 -185 72 -65 15 140 198 -112 -74 243 -121 -99 113 4 138 25 -14 173 -148 97 -104 -147 -30 84 27 13 136 -143 -114 94 -116 -151 151 -57 -137 -53 120 215 -36 240 98 180 186 -194 -22 -34 144 -81 159 204 -175 130 213 235 -109 -1 247 54 117 -210 57 -60 -160 108 -55 105 30 -90 150 71 -126 81 118 157 199 114 -217 210 -98 68 197 196 -150 176 -188 44 -218 184 -211 -69 -79 166 -165 58 22 -153 -184 76 127 188 -100 179 -2 67 47 -215 69 -178 52 14 -138 -127 222 -129 -192 -152 -224 242 -174 -214 195 -207 -111 -125 -241 209 -248 174 218 43 148 78 129 -171 36 133 -45 -182 -67 119 -11 17 -40 160 112 -101 156 -85 -195 -247 -35 9 149 155 -78 24 -4 -226 -64 -54 -76 -15 29 -186 87 -219 163 -44 104 -190 53 -82 221 -202 -68 225 1 -33 18 35 -7 223 -136 -196 28 132 40 -234 208 -61 -43 146 175 -131 237 -249 -87 -122 219 -212 231 86 -227 227 241 -164 75 170 106 -139 178 226 -157 142 12 -235 -206 56 123 -238 126 -80 -191 -23 -10 -228 -170 207 172 224 190 -3 74 83 -49 -230 -200 -197 158 -229 -181 141 82 -123 214 41 -203 88 182 -21 -119 -13 59 168 8 -8 -75 -72 102 -205 -162 -209 -94 -168 -245 63 229 -39 191 192 -113 -51 236 -20 
TEST 37 ARG:35 -221 84 -216 -222 74 0 181 -184 -98 228 85 -27 70 138 19 -37 -177 -192 -150 236 -72 -218 -211 -169 -100 11 -164 146 116 -132 38 46 65 -183 20 175 58 76 -94 -41 42 68 -134 -97 203 100 -83 -209 -33 -182 -145 -93 5 -110 -106 -71 -121 -74 178 179 -24 51 96 -95 145 -36 -202 -149 71 -173 143 208 170 -3 126 -55 -1 154 -12 21 39 -226 -54 185 -18 -125 -186 -147 -14 125 243 115 134 118 -81 -10 -144 -113 -73 -15 64 107 -176 -191 88 -49 162 -137 220 186 191 204 167 183 -53 206 -38 -158 -241 -89 -148 2 66 -101 -7 -82 -174 -63 -68 29 45 112 211 -153 103 25 -60 52 91 -129 6 -103 30 -128 -233 105 209 202 47 -19 56 7 22 -135 106 3 4 -240 227 180 87 207 -117 -155 -228 234 102 -246 135 -223 109 -213 -178 -17 -214 -168 104 144 -4 1 31 -34 99 225 -170 98 62 -131 -22 -157 -116 -199 224 -20 -31 241 -29 -181 197 173 54 86 -44 -2 -126 -242 189 -165 -105 -42 8 232 120 177 48 130 -51 -193 -201 9 219 -217 -84 -85 117 238 196 124 174 -96 -185 81 221 69 214 213 33 -124 168 43 -109 -87 122 218 140 -136 -30 -91 172 -166 -64 245 164 247 -141 157 -5 184 108 94 212 -122 199 -58 -123 -236 111 36 10 -78 101 -47 50 142 -207 -35 -175 -111 -200 248 127 113 75 -215 182 53 23 -208 131 137 -48 34 -114 -66 -146 229 -8 -197 -32 215 15 -119 246 -167 133 -62 216 -203 82 90 97 -235 242 -39 28 -163 -13 -11 -65 -86 -43 163 -127 158 151 -220 230 -231 239 -90 -247 12 129 55 -6 -160 217 -205 72 -57 123 -77 188 63 -162 37 235 147 -190 -56 -118 136 -234 77 -194 132 153 -156 -115 201 18 156 -120 -198 159 240 190 40 169 -26 14 -107 -76 -99 -52 -140 79 198 210 41 -225 44 17 110 -180 -244 83 67 237 -67 160 149 26 -45 -143 114 95 176 49 -243 -238 -195 -61 223 -28 89 192 -88 57 -133 -172 -69 -206 128 16 -92 -25 -187 161 -139 -196 166 231 194 -21 -219 152 -9 -152 61 -154 -230 -79 233 -188 244 141 -16 -179 -104 92 -224 -161 226 205 -142 -245 195 -70 27 -248 93 -249 -75 -151 -210 150 24 119 187 -23 -227 32 139 -250 78 193 121 -112 -159 -189 -138 -46 222 -237 148 60 -232 -229 249 155 -204 73 171 -239 -50 200 -80 -102 -108 165 59 -59 80 -171 -130 -212 13 -40 
